Department,Date,ExpenseCategory,Revenue,Expense,Profit,PatientVolume,BedOccupancy,ALOS,PatientSatisfaction,ReadmissionRate
Cardiology,2025-10-01,equipment,571456.02,323595.19,247860.83,358,82.4,4.5,87.3,3.8
Cardiology,2025-10-01,maintenance,571456.02,117108.49,454347.53,358,82.4,4.5,87.3,3.8
Cardiology,2025-10-01,salaries,1775992.1,746586.33,1029405.77,358,82.4,4.5,87.3,3.8
Cardiology,2025-10-01,supplies,571456.02,298878.95,272577.07,358,82.4,4.5,87.3,3.8
Cardiology,2025-10-01,utilities,571456.02,162386.23,409069.79,358,82.4,4.5,87.3,3.8
Cardiology,2025-11-01,equipment,572139.12,343858.72,228280.4,394,82.6,4.3,83.1,4.4
Cardiology,2025-11-01,maintenance,572139.12,127194.24,444944.88,394,82.6,4.3,83.1,4.4
Cardiology,2025-11-01,salaries,1747265.51,786952.31,960313.2,394,82.6,4.3,83.1,4.4
Cardiology,2025-11-01,supplies,572139.12,343916.51,228222.61,394,82.6,4.3,83.1,4.4
Cardiology,2025-11-01,utilities,572139.12,182817.71,389321.41,394,82.6,4.3,83.1,4.4
Cardiology,2025-12-01,equipment,550283.77,397687.67,152596.1,408,84.6,4.4,86.2,4.5
Cardiology,2025-12-01,maintenance,550283.77,132893.43,417390.34,408,84.6,4.4,86.2,4.5
Cardiology,2025-12-01,salaries,1743646.98,785114.34,958532.64,408,84.6,4.4,86.2,4.5
Cardiology,2025-12-01,supplies,550283.77,339356.6,210927.17,408,84.6,4.4,86.2,4.5
Cardiology,2025-12-01,utilities,550283.77,186081.13,364202.64,408,84.6,4.4,86.2,4.5
Cardiology,2026-01-01,equipment,593212.0,360307.59,232904.41,365,78.2,4.5,85.4,4.0
Cardiology,2026-01-01,maintenance,593212.0,139153.19,454058.81,365,78.2,4.5,85.4,4.0
Cardiology,2026-01-01,salaries,1740583.48,799143.43,941440.05,365,78.2,4.5,85.4,4.0
Cardiology,2026-01-01,supplies,593212.0,321726.0,271486.0,365,78.2,4.5,85.4,4.0
Cardiology,2026-01-01,utilities,593212.0,177050.86,416161.14,365,78.2,4.5,85.4,4.0
Cardiology,2026-02-01,equipment,599895.36,382745.36,217150.0,391,82.2,4.5,86.7,4.2
Cardiology,2026-02-01,maintenance,599895.36,120535.33,479360.03,391,82.2,4.5,86.7,4.2
Cardiology,2026-02-01,salaries,1907398.22,827695.61,1079702.61,391,82.2,4.5,86.7,4.2
Cardiology,2026-02-01,supplies,599895.36,320917.25,278978.11,391,82.2,4.5,86.7,4.2
Cardiology,2026-02-01,utilities,599895.36,172717.46,427177.9,391,82.2,4.5,86.7,4.2
Cardiology,2026-03-01,equipment,586337.58,352726.02,233611.56,389,81.7,4.8,85.5,4.2
Cardiology,2026-03-01,maintenance,586337.58,125664.97,460672.61,389,81.7,4.8,85.5,4.2
Cardiology,2026-03-01,salaries,2063046.61,817533.33,1245513.28,389,81.7,4.8,85.5,4.2
Cardiology,2026-03-01,supplies,586337.58,308157.07,278180.51,389,81.7,4.8,85.5,4.2
Cardiology,2026-03-01,utilities,586337.58,193517.4,392820.18,389,81.7,4.8,85.5,4.2
Cardiology,2026-04-01,equipment,563392.43,369757.49,193634.94,354,84.9,4.8,83.1,3.9
Cardiology,2026-04-01,maintenance,563392.43,121295.42,442097.01,354,84.9,4.8,83.1,3.9
Cardiology,2026-04-01,salaries,1879491.84,745169.9,1134321.94,354,84.9,4.8,83.1,3.9
Cardiology,2026-04-01,supplies,563392.43,313964.73,249427.7,354,84.9,4.8,83.1,3.9
Cardiology,2026-04-01,utilities,563392.43,164289.92,399102.51,354,84.9,4.8,83.1,3.9
Cardiology,2026-05-01,equipment,621499.23,339682.76,281816.47,357,85.1,4.2,89.4,3.8
Cardiology,2026-05-01,maintenance,621499.23,129732.51,491766.72,357,85.1,4.2,89.4,3.8
Cardiology,2026-05-01,salaries,2171223.91,891581.1,1279642.81,357,85.1,4.2,89.4,3.8
Cardiology,2026-05-01,supplies,621499.23,343348.07,278151.16,357,85.1,4.2,89.4,3.8
Cardiology,2026-05-01,utilities,621499.23,189598.92,431900.31,357,85.1,4.2,89.4,3.8
Cardiology,2026-06-01,equipment,582942.47,370128.48,212813.99,376,84.0,4.5,89.3,4.1
Cardiology,2026-06-01,maintenance,582942.47,125570.44,457372.03,376,84.0,4.5,89.3,4.1
Cardiology,2026-06-01,salaries,1868894.06,786855.9,1082038.16,376,84.0,4.5,89.3,4.1
Cardiology,2026-06-01,supplies,582942.47,359968.62,222973.85,376,84.0,4.5,89.3,4.1
Cardiology,2026-06-01,utilities,582942.47,197656.84,385285.63,376,84.0,4.5,89.3,4.1
Cardiology,2026-07-01,equipment,601669.88,348709.52,252960.36,338,83.6,4.8,87.6,3.7
Cardiology,2026-07-01,maintenance,601669.88,119110.24,482559.64,338,83.6,4.8,87.6,3.7
Cardiology,2026-07-01,salaries,2105904.76,864267.45,1241637.31,338,83.6,4.8,87.6,3.7
Cardiology,2026-07-01,supplies,601669.88,331506.5,270163.38,338,83.6,4.8,87.6,3.7
Cardiology,2026-07-01,utilities,601669.88,183306.08,418363.8,338,83.6,4.8,87.6,3.7
Cardiology,2026-08-01,equipment,622367.6,342380.38,279987.22,383,79.1,4.5,82.9,4.5
Cardiology,2026-08-01,maintenance,622367.6,139182.21,483185.39,383,79.1,4.5,82.9,4.5
Cardiology,2026-08-01,salaries,2035446.22,874585.29,1160860.93,383,79.1,4.5,82.9,4.5
Cardiology,2026-08-01,supplies,622367.6,325481.48,296886.12,383,79.1,4.5,82.9,4.5
Cardiology,2026-08-01,utilities,622367.6,171752.97,450614.63,383,79.1,4.5,82.9,4.5
Cardiology,2026-09-01,equipment,634450.52,405031.59,229418.93,384,85.0,4.6,85.8,4.5
Cardiology,2026-09-01,maintenance,634450.52,133376.48,501074.04,384,85.0,4.6,85.8,4.5
Cardiology,2026-09-01,salaries,1872643.82,832880.55,1039763.27,384,85.0,4.6,85.8,4.5
Cardiology,2026-09-01,supplies,634450.52,368319.99,266130.53,384,85.0,4.6,85.8,4.5
Cardiology,2026-09-01,utilities,634450.52,178305.71,456144.81,384,85.0,4.6,85.8,4.5
Emergency,2025-10-01,equipment,389345.55,322056.95,67288.6,850,84.1,1.8,69.5,7.5
Emergency,2025-10-01,maintenance,389345.55,110243.51,279102.04,850,84.1,1.8,69.5,7.5
Emergency,2025-10-01,salaries,1205167.97,779137.76,426030.21,850,84.1,1.8,69.5,7.5
Emergency,2025-10-01,supplies,389345.55,283536.5,105809.05,850,84.1,1.8,69.5,7.5
Emergency,2025-10-01,utilities,389345.55,159450.24,229895.31,850,84.1,1.8,69.5,7.5
Emergency,2025-11-01,equipment,382506.92,350408.98,32097.94,965,84.6,1.9,72.1,6.3
Emergency,2025-11-01,maintenance,382506.92,123438.67,259068.25,965,84.6,1.9,72.1,6.3
Emergency,2025-11-01,salaries,1169920.22,750600.41,419319.81,965,84.6,1.9,72.1,6.3
Emergency,2025-11-01,supplies,382506.92,327528.46,54978.46,965,84.6,1.9,72.1,6.3
Emergency,2025-11-01,utilities,382506.92,189043.02,193463.9,965,84.6,1.9,72.1,6.3
Emergency,2025-12-01,equipment,373987.82,319792.27,54195.55,1019,89.2,1.9,71.2,6.3
Emergency,2025-12-01,maintenance,373987.82,113718.11,260269.71,1019,89.2,1.9,71.2,6.3
Emergency,2025-12-01,salaries,1146665.78,721313.52,425352.26,1019,89.2,1.9,71.2,6.3
Emergency,2025-12-01,supplies,373987.82,279789.77,94198.05,1019,89.2,1.9,71.2,6.3
Emergency,2025-12-01,utilities,373987.82,169460.97,204526.85,1019,89.2,1.9,71.2,6.3
Emergency,2026-01-01,equipment,401616.17,374754.97,26861.2,831,87.5,1.8,72.6,7.2
Emergency,2026-01-01,maintenance,401616.17,125329.9,276286.27,831,87.5,1.8,72.6,7.2
Emergency,2026-01-01,salaries,1203940.33,821407.52,382532.81,831,87.5,1.8,72.6,7.2
Emergency,2026-01-01,supplies,401616.17,318037.71,83578.46,831,87.5,1.8,72.6,7.2
Emergency,2026-01-01,utilities,401616.17,187498.05,214118.12,831,87.5,1.8,72.6,7.2
Emergency,2026-02-01,equipment,383403.63,379964.34,3439.29,920,88.0,1.9,74.7,6.4
Emergency,2026-02-01,maintenance,383403.63,122247.73,261155.9,920,88.0,1.9,74.7,6.4
Emergency,2026-02-01,salaries,1129959.23,758235.93,371723.3,920,88.0,1.9,74.7,6.4
Emergency,2026-02-01,supplies,383403.63,318287.74,65115.89,920,88.0,1.9,74.7,6.4
Emergency,2026-02-01,utilities,383403.63,186604.83,196798.8,920,88.0,1.9,74.7,6.4
Emergency,2026-03-01,equipment,369305.19,368298.96,1006.23,919,89.2,1.8,70.9,6.5
Emergency,2026-03-01,maintenance,369305.19,119830.48,249474.71,919,89.2,1.8,70.9,6.5
Emergency,2026-03-01,salaries,1112793.49,761827.08,350966.41,919,89.2,1.8,70.9,6.5
Emergency,2026-03-01,supplies,369305.19,317869.5,51435.69,919,89.2,1.8,70.9,6.5
Emergency,2026-03-01,utilities,369305.19,196724.31,172580.88,919,89.2,1.8,70.9,6.5
Emergency,2026-04-01,equipment,397122.6,369662.93,27459.67,909,88.7,1.8,69.8,7.5
Emergency,2026-04-01,maintenance,397122.6,136345.45,260777.15,909,88.7,1.8,69.8,7.5
Emergency,2026-04-01,salaries,1217116.75,867300.64,349816.11,909,88.7,1.8,69.8,7.5
Emergency,2026-04-01,supplies,397122.6,328874.68,68247.92,909,88.7,1.8,69.8,7.5
Emergency,2026-04-01,utilities,397122.6,182478.51,214644.09,909,88.7,1.8,69.8,7.5
Emergency,2026-05-01,equipment,407067.95,377831.52,29236.43,948,92.1,1.7,74.6,6.6
Emergency,2026-05-01,maintenance,407067.95,121460.91,285607.04,948,92.1,1.7,74.6,6.6
Emergency,2026-05-01,salaries,1353094.22,834525.28,518568.94,948,92.1,1.7,74.6,6.6
Emergency,2026-05-01,supplies,407067.95,350920.38,56147.57,948,92.1,1.7,74.6,6.6
Emergency,2026-05-01,utilities,407067.95,173421.35,233646.6,948,92.1,1.7,74.6,6.6
Emergency,2026-06-01,equipment,395460.46,334835.38,60625.08,917,89.3,1.8,71.1,6.5
Emergency,2026-06-01,maintenance,395460.46,123071.35,272389.11,917,89.3,1.8,71.1,6.5
Emergency,2026-06-01,salaries,1171816.1,775792.08,396024.02,917,89.3,1.8,71.1,6.5
Emergency,2026-06-01,supplies,395460.46,324811.15,70649.31,917,89.3,1.8,71.1,6.5
Emergency,2026-06-01,utilities,395460.46,184621.25,210839.21,917,89.3,1.8,71.1,6.5
Emergency,2026-07-01,equipment,379901.25,396336.89,-16435.64,927,90.2,1.8,72.2,6.4
Emergency,2026-07-01,maintenance,379901.25,137374.84,242526.41,927,90.2,1.8,72.2,6.4
Emergency,2026-07-01,salaries,1222891.16,893919.41,328971.75,927,90.2,1.8,72.2,6.4
Emergency,2026-07-01,supplies,379901.25,369809.4,10091.85,927,90.2,1.8,72.2,6.4
Emergency,2026-07-01,utilities,379901.25,201260.49,178640.76,927,90.2,1.8,72.2,6.4
Emergency,2026-08-01,equipment,397866.34,405728.18,-7861.84,962,94.4,1.8,72.5,7.1
Emergency,2026-08-01,maintenance,397866.34,129214.71,268651.63,962,94.4,1.8,72.5,7.1
Emergency,2026-08-01,salaries,1305033.28,881140.15,423893.13,962,94.4,1.8,72.5,7.1
Emergency,2026-08-01,supplies,397866.34,380039.62,17826.72,962,94.4,1.8,72.5,7.1
Emergency,2026-08-01,utilities,397866.34,208539.93,189326.41,962,94.4,1.8,72.5,7.1
Emergency,2026-09-01,equipment,379609.6,368795.27,10814.33,947,93.2,1.8,69.4,7.1
Emergency,2026-09-01,maintenance,379609.6,137866.31,241743.29,947,93.2,1.8,69.4,7.1
Emergency,2026-09-01,salaries,1251464.56,893047.47,358417.09,947,93.2,1.8,69.4,7.1
Emergency,2026-09-01,supplies,379609.6,322887.26,56722.34,947,93.2,1.8,69.4,7.1
Emergency,2026-09-01,utilities,379609.6,196614.27,182995.33,947,93.2,1.8,69.4,7.1
General Medicine,2025-10-01,equipment,453298.35,344462.15,108836.2,459,73.3,4.0,80.7,5.7
General Medicine,2025-10-01,maintenance,453298.35,121875.16,331423.19,459,73.3,4.0,80.7,5.7
General Medicine,2025-10-01,salaries,1401867.68,777811.04,624056.64,459,73.3,4.0,80.7,5.7
General Medicine,2025-10-01,supplies,453298.35,277803.11,175495.24,459,73.3,4.0,80.7,5.7
General Medicine,2025-10-01,utilities,453298.35,174464.98,278833.37,459,73.3,4.0,80.7,5.7
General Medicine,2025-11-01,equipment,429498.23,344983.73,84514.5,531,74.1,3.6,78.7,4.6
General Medicine,2025-11-01,maintenance,429498.23,109635.02,319863.21,531,74.1,3.6,78.7,4.6
General Medicine,2025-11-01,salaries,1339391.88,736480.69,602911.19,531,74.1,3.6,78.7,4.6
General Medicine,2025-11-01,supplies,429498.23,283553.54,145944.69,531,74.1,3.6,78.7,4.6
General Medicine,2025-11-01,utilities,429498.23,152155.47,277342.76,531,74.1,3.6,78.7,4.6
General Medicine,2025-12-01,equipment,435909.99,339482.09,96427.9,521,74.0,3.7,79.9,4.9
General Medicine,2025-12-01,maintenance,435909.99,116861.82,319048.17,521,74.0,3.7,79.9,4.9
General Medicine,2025-12-01,salaries,1351717.38,802723.57,548993.81,521,74.0,3.7,79.9,4.9
General Medicine,2025-12-01,supplies,435909.99,293974.89,141935.1,521,74.0,3.7,79.9,4.9
General Medicine,2025-12-01,utilities,435909.99,178761.74,257148.25,521,74.0,3.7,79.9,4.9
General Medicine,2026-01-01,equipment,464860.43,337119.03,127741.4,513,77.9,3.8,76.2,5.7
General Medicine,2026-01-01,maintenance,464860.43,108711.1,356149.33,513,77.9,3.8,76.2,5.7
General Medicine,2026-01-01,salaries,1409937.15,759406.72,650530.43,513,77.9,3.8,76.2,5.7
General Medicine,2026-01-01,supplies,464860.43,271899.6,192960.83,513,77.9,3.8,76.2,5.7
General Medicine,2026-01-01,utilities,464860.43,147111.28,317749.15,513,77.9,3.8,76.2,5.7
General Medicine,2026-02-01,equipment,457300.2,314420.58,142879.62,540,79.4,3.5,80.3,4.7
General Medicine,2026-02-01,maintenance,457300.2,115851.45,341448.75,540,79.4,3.5,80.3,4.7
General Medicine,2026-02-01,salaries,1489751.69,732931.26,756820.43,540,79.4,3.5,80.3,4.7
General Medicine,2026-02-01,supplies,457300.2,291806.28,165493.92,540,79.4,3.5,80.3,4.7
General Medicine,2026-02-01,utilities,457300.2,153867.01,303433.19,540,79.4,3.5,80.3,4.7
General Medicine,2026-03-01,equipment,426503.06,350633.62,75869.44,544,79.5,3.5,77.4,5.6
General Medicine,2026-03-01,maintenance,426503.06,110018.94,316484.12,544,79.5,3.5,77.4,5.6
General Medicine,2026-03-01,salaries,1449306.57,764195.82,685110.75,544,79.5,3.5,77.4,5.6
General Medicine,2026-03-01,supplies,426503.06,312103.36,114399.7,544,79.5,3.5,77.4,5.6
General Medicine,2026-03-01,utilities,426503.06,165116.15,261386.91,544,79.5,3.5,77.4,5.6
General Medicine,2026-04-01,equipment,458067.8,334672.58,123395.22,465,79.1,3.5,79.2,5.2
General Medicine,2026-04-01,maintenance,458067.8,111498.18,346569.62,465,79.1,3.5,79.2,5.2
General Medicine,2026-04-01,salaries,1596325.21,705777.84,890547.37,465,79.1,3.5,79.2,5.2
General Medicine,2026-04-01,supplies,458067.8,281678.28,176389.52,465,79.1,3.5,79.2,5.2
General Medicine,2026-04-01,utilities,458067.8,156719.74,301348.06,465,79.1,3.5,79.2,5.2
General Medicine,2026-05-01,equipment,448052.75,346495.29,101557.46,507,77.0,3.8,80.0,4.7
General Medicine,2026-05-01,maintenance,448052.75,115384.96,332667.79,507,77.0,3.8,80.0,4.7
General Medicine,2026-05-01,salaries,1432111.58,684868.34,747243.24,507,77.0,3.8,80.0,4.7
General Medicine,2026-05-01,supplies,448052.75,299584.89,148467.86,507,77.0,3.8,80.0,4.7
General Medicine,2026-05-01,utilities,448052.75,172275.08,275777.67,507,77.0,3.8,80.0,4.7
General Medicine,2026-06-01,equipment,445236.28,327931.1,117305.18,561,76.8,3.6,81.1,5.2
General Medicine,2026-06-01,maintenance,445236.28,115427.78,329808.5,561,76.8,3.6,81.1,5.2
General Medicine,2026-06-01,salaries,1382978.14,686567.13,696411.01,561,76.8,3.6,81.1,5.2
General Medicine,2026-06-01,supplies,445236.28,302306.28,142930.0,561,76.8,3.6,81.1,5.2
General Medicine,2026-06-01,utilities,445236.28,169930.43,275305.85,561,76.8,3.6,81.1,5.2
General Medicine,2026-07-01,equipment,453457.75,339459.76,113997.99,490,77.7,3.6,80.0,4.5
General Medicine,2026-07-01,maintenance,453457.75,113718.5,339739.25,490,77.7,3.6,80.0,4.5
General Medicine,2026-07-01,salaries,1596532.72,726115.95,870416.77,490,77.7,3.6,80.0,4.5
General Medicine,2026-07-01,supplies,453457.75,276281.78,177175.97,490,77.7,3.6,80.0,4.5
General Medicine,2026-07-01,utilities,453457.75,151288.64,302169.11,490,77.7,3.6,80.0,4.5
General Medicine,2026-08-01,equipment,464007.83,337727.92,126279.91,514,75.4,3.6,79.8,5.0
General Medicine,2026-08-01,maintenance,464007.83,106272.2,357735.63,514,75.4,3.6,79.8,5.0
General Medicine,2026-08-01,salaries,1586683.25,777117.2,809566.05,514,75.4,3.6,79.8,5.0
General Medicine,2026-08-01,supplies,464007.83,282746.45,181261.38,514,75.4,3.6,79.8,5.0
General Medicine,2026-08-01,utilities,464007.83,156410.65,307597.18,514,75.4,3.6,79.8,5.0
General Medicine,2026-09-01,equipment,448020.97,329131.76,118889.21,571,79.2,3.5,80.2,5.7
General Medicine,2026-09-01,maintenance,448020.97,120464.28,327556.69,571,79.2,3.5,80.2,5.7
General Medicine,2026-09-01,salaries,1326885.37,792839.51,534045.86,571,79.2,3.5,80.2,5.7
General Medicine,2026-09-01,supplies,448020.97,306565.52,141455.45,571,79.2,3.5,80.2,5.7
General Medicine,2026-09-01,utilities,448020.97,158692.61,289328.36,571,79.2,3.5,80.2,5.7
General Surgery,2025-10-01,equipment,499718.86,346409.22,153309.64,298,76.3,4.2,79.9,4.0
General Surgery,2025-10-01,maintenance,499718.86,115166.71,384552.15,298,76.3,4.2,79.9,4.0
General Surgery,2025-10-01,salaries,1457301.5,768042.13,689259.37,298,76.3,4.2,79.9,4.0
General Surgery,2025-10-01,supplies,499718.86,312683.41,187035.45,298,76.3,4.2,79.9,4.0
General Surgery,2025-10-01,utilities,499718.86,156036.53,343682.33,298,76.3,4.2,79.9,4.0
General Surgery,2025-11-01,equipment,486213.31,340004.76,146208.55,320,72.9,4.3,81.5,4.6
General Surgery,2025-11-01,maintenance,486213.31,129955.61,356257.7,320,72.9,4.3,81.5,4.6
General Surgery,2025-11-01,salaries,1432577.62,799282.61,633295.01,320,72.9,4.3,81.5,4.6
General Surgery,2025-11-01,supplies,486213.31,336564.84,149648.47,320,72.9,4.3,81.5,4.6
General Surgery,2025-11-01,utilities,486213.31,175875.72,310337.59,320,72.9,4.3,81.5,4.6
General Surgery,2025-12-01,equipment,513475.38,379158.7,134316.68,329,74.7,4.1,80.4,5.0
General Surgery,2025-12-01,maintenance,513475.38,124979.75,388495.63,329,74.7,4.1,80.4,5.0
General Surgery,2025-12-01,salaries,1824776.88,815088.56,1009688.32,329,74.7,4.1,80.4,5.0
General Surgery,2025-12-01,supplies,513475.38,326919.18,186556.2,329,74.7,4.1,80.4,5.0
General Surgery,2025-12-01,utilities,513475.38,184665.28,328810.1,329,74.7,4.1,80.4,5.0
General Surgery,2026-01-01,equipment,524315.19,345043.45,179271.74,289,71.1,4.4,77.4,4.5
General Surgery,2026-01-01,maintenance,524315.19,123927.33,400387.86,289,71.1,4.4,77.4,4.5
General Surgery,2026-01-01,salaries,1790257.13,829046.6,961210.53,289,71.1,4.4,77.4,4.5
General Surgery,2026-01-01,supplies,524315.19,299789.01,224526.18,289,71.1,4.4,77.4,4.5
General Surgery,2026-01-01,utilities,524315.19,166218.2,358096.99,289,71.1,4.4,77.4,4.5
General Surgery,2026-02-01,equipment,523633.75,323954.18,199679.57,323,76.6,4.5,82.3,4.4
General Surgery,2026-02-01,maintenance,523633.75,118096.9,405536.85,323,76.6,4.5,82.3,4.4
General Surgery,2026-02-01,salaries,1622140.52,797598.54,824541.98,323,76.6,4.5,82.3,4.4
General Surgery,2026-02-01,supplies,523633.75,301977.6,221656.15,323,76.6,4.5,82.3,4.4
General Surgery,2026-02-01,utilities,523633.75,167375.84,356257.91,323,76.6,4.5,82.3,4.4
General Surgery,2026-03-01,equipment,514683.93,349680.51,165003.42,314,77.2,4.4,81.7,4.3
General Surgery,2026-03-01,maintenance,514683.93,119283.03,395400.9,314,77.2,4.4,81.7,4.3
General Surgery,2026-03-01,salaries,1740103.21,728878.3,1011224.91,314,77.2,4.4,81.7,4.3
General Surgery,2026-03-01,supplies,514683.93,283409.46,231274.47,314,77.2,4.4,81.7,4.3
General Surgery,2026-03-01,utilities,514683.93,166748.2,347935.73,314,77.2,4.4,81.7,4.3
General Surgery,2026-04-01,equipment,510849.54,346714.35,164135.19,309,72.8,3.9,76.9,4.5
General Surgery,2026-04-01,maintenance,510849.54,124827.54,386022.0,309,72.8,3.9,76.9,4.5
General Surgery,2026-04-01,salaries,1799858.79,759916.88,1039941.91,309,72.8,3.9,76.9,4.5
General Surgery,2026-04-01,supplies,510849.54,317533.08,193316.46,309,72.8,3.9,76.9,4.5
General Surgery,2026-04-01,utilities,510849.54,180819.39,330030.15,309,72.8,3.9,76.9,4.5
General Surgery,2026-05-01,equipment,511571.25,357286.54,154284.71,320,75.0,3.9,79.1,4.5
General Surgery,2026-05-01,maintenance,511571.25,123044.24,388527.01,320,75.0,3.9,79.1,4.5
General Surgery,2026-05-01,salaries,1750134.21,742819.77,1007314.44,320,75.0,3.9,79.1,4.5
General Surgery,2026-05-01,supplies,511571.25,326426.58,185144.67,320,75.0,3.9,79.1,4.5
General Surgery,2026-05-01,utilities,511571.25,166890.71,344680.54,320,75.0,3.9,79.1,4.5
General Surgery,2026-06-01,equipment,522754.03,353100.57,169653.46,338,73.0,4.3,79.8,4.5
General Surgery,2026-06-01,maintenance,522754.03,128446.15,394307.88,338,73.0,4.3,79.8,4.5
General Surgery,2026-06-01,salaries,1599946.01,766824.63,833121.38,338,73.0,4.3,79.8,4.5
General Surgery,2026-06-01,supplies,522754.03,296891.04,225862.99,338,73.0,4.3,79.8,4.5
General Surgery,2026-06-01,utilities,522754.03,173704.56,349049.47,338,73.0,4.3,79.8,4.5
General Surgery,2026-07-01,equipment,517951.48,352850.25,165101.23,301,71.5,4.3,81.5,4.9
General Surgery,2026-07-01,maintenance,517951.48,122376.14,395575.34,301,71.5,4.3,81.5,4.9
General Surgery,2026-07-01,salaries,1553154.56,774618.37,778536.19,301,71.5,4.3,81.5,4.9
General Surgery,2026-07-01,supplies,517951.48,287898.57,230052.91,301,71.5,4.3,81.5,4.9
General Surgery,2026-07-01,utilities,517951.48,170106.06,347845.42,301,71.5,4.3,81.5,4.9
General Surgery,2026-08-01,equipment,500715.97,335459.7,165256.27,321,73.6,4.0,78.0,4.4
General Surgery,2026-08-01,maintenance,500715.97,123009.12,377706.85,321,73.6,4.0,78.0,4.4
General Surgery,2026-08-01,salaries,1614381.6,765899.25,848482.35,321,73.6,4.0,78.0,4.4
General Surgery,2026-08-01,supplies,500715.97,319029.27,181686.7,321,73.6,4.0,78.0,4.4
General Surgery,2026-08-01,utilities,500715.97,172396.43,328319.54,321,73.6,4.0,78.0,4.4
General Surgery,2026-09-01,equipment,541996.02,341602.62,200393.4,333,75.3,4.2,78.6,4.0
General Surgery,2026-09-01,maintenance,541996.02,125280.69,416715.33,333,75.3,4.2,78.6,4.0
General Surgery,2026-09-01,salaries,1882920.66,832598.64,1050322.02,333,75.3,4.2,78.6,4.0
General Surgery,2026-09-01,supplies,541996.02,298716.08,243279.94,333,75.3,4.2,78.6,4.0
General Surgery,2026-09-01,utilities,541996.02,164174.22,377821.8,333,75.3,4.2,78.6,4.0
ICU,2025-10-01,equipment,668331.28,537319.38,131011.9,77,95.1,7.2,71.1,8.9
ICU,2025-10-01,maintenance,668331.28,194899.31,473431.97,77,95.1,7.2,71.1,8.9
ICU,2025-10-01,salaries,1982804.07,1303753.69,679050.38,77,95.1,7.2,71.1,8.9
ICU,2025-10-01,supplies,668331.28,516342.54,151988.74,77,95.1,7.2,71.1,8.9
ICU,2025-10-01,utilities,668331.28,281766.36,386564.92,77,95.1,7.2,71.1,8.9
ICU,2025-11-01,equipment,616914.15,649325.17,-32411.02,88,87.4,7.5,76.2,9.4
ICU,2025-11-01,maintenance,616914.15,204157.68,412756.47,88,87.4,7.5,76.2,9.4
ICU,2025-11-01,salaries,2036285.16,1435945.6,600339.56,88,87.4,7.5,76.2,9.4
ICU,2025-11-01,supplies,616914.15,588647.42,28266.73,88,87.4,7.5,76.2,9.4
ICU,2025-11-01,utilities,616914.15,311168.64,305745.51,88,87.4,7.5,76.2,9.4
ICU,2025-12-01,equipment,616695.84,640163.07,-23467.23,87,93.4,6.8,74.9,7.9
ICU,2025-12-01,maintenance,616695.84,214602.55,402093.29,87,93.4,6.8,74.9,7.9
ICU,2025-12-01,salaries,2067330.29,1344090.27,723240.02,87,93.4,6.8,74.9,7.9
ICU,2025-12-01,supplies,616695.84,512656.91,104038.93,87,93.4,6.8,74.9,7.9
ICU,2025-12-01,utilities,616695.84,304200.4,312495.44,87,93.4,6.8,74.9,7.9
ICU,2026-01-01,equipment,649110.55,588493.08,60617.47,80,93.8,6.8,75.3,7.7
ICU,2026-01-01,maintenance,649110.55,206727.8,442382.75,80,93.8,6.8,75.3,7.7
ICU,2026-01-01,salaries,2036573.42,1257663.53,778909.89,80,93.8,6.8,75.3,7.7
ICU,2026-01-01,supplies,649110.55,545120.24,103990.31,80,93.8,6.8,75.3,7.7
ICU,2026-01-01,utilities,649110.55,278648.6,370461.95,80,93.8,6.8,75.3,7.7
ICU,2026-02-01,equipment,639069.14,613188.49,25880.65,87,90.5,7.0,72.1,9.3
ICU,2026-02-01,maintenance,639069.14,232441.49,406627.65,87,90.5,7.0,72.1,9.3
ICU,2026-02-01,salaries,2098584.96,1459441.76,639143.2,87,90.5,7.0,72.1,9.3
ICU,2026-02-01,supplies,639069.14,539390.3,99678.84,87,90.5,7.0,72.1,9.3
ICU,2026-02-01,utilities,639069.14,300093.96,338975.18,87,90.5,7.0,72.1,9.3
ICU,2026-03-01,equipment,649873.14,605385.26,44487.88,93,93.8,7.2,76.6,9.5
ICU,2026-03-01,maintenance,649873.14,205796.45,444076.69,93,93.8,7.2,76.6,9.5
ICU,2026-03-01,salaries,2181247.72,1458556.87,722690.85,93,93.8,7.2,76.6,9.5
ICU,2026-03-01,supplies,649873.14,533647.26,116225.88,93,93.8,7.2,76.6,9.5
ICU,2026-03-01,utilities,649873.14,285615.53,364257.61,93,93.8,7.2,76.6,9.5
ICU,2026-04-01,equipment,676352.53,615668.57,60683.96,79,90.7,6.9,74.4,9.4
ICU,2026-04-01,maintenance,676352.53,220582.04,455770.49,79,90.7,6.9,74.4,9.4
ICU,2026-04-01,salaries,2062808.82,1431604.68,631204.14,79,90.7,6.9,74.4,9.4
ICU,2026-04-01,supplies,676352.53,587391.79,88960.74,79,90.7,6.9,74.4,9.4
ICU,2026-04-01,utilities,676352.53,302404.81,373947.72,79,90.7,6.9,74.4,9.4
ICU,2026-05-01,equipment,637649.25,597527.47,40121.78,82,93.7,6.8,74.3,9.5
ICU,2026-05-01,maintenance,637649.25,206827.87,430821.38,82,93.7,6.8,74.3,9.5
ICU,2026-05-01,salaries,1960150.24,1446945.48,513204.76,82,93.7,6.8,74.3,9.5
ICU,2026-05-01,supplies,637649.25,573496.12,64153.13,82,93.7,6.8,74.3,9.5
ICU,2026-05-01,utilities,637649.25,318680.37,318968.88,82,93.7,6.8,74.3,9.5
ICU,2026-06-01,equipment,698839.42,667215.07,31624.35,93,87.4,7.6,72.2,9.4
ICU,2026-06-01,maintenance,698839.42,222056.06,476783.36,93,87.4,7.6,72.2,9.4
ICU,2026-06-01,salaries,2090780.54,1416686.92,674093.62,93,87.4,7.6,72.2,9.4
ICU,2026-06-01,supplies,698839.42,570043.7,128795.72,93,87.4,7.6,72.2,9.4
ICU,2026-06-01,utilities,698839.42,327751.54,371087.88,93,87.4,7.6,72.2,9.4
ICU,2026-07-01,equipment,654216.22,639318.81,14897.41,80,94.7,6.8,72.1,7.8
ICU,2026-07-01,maintenance,654216.22,222233.77,431982.45,80,94.7,6.8,72.1,7.8
ICU,2026-07-01,salaries,2013035.33,1536395.76,476639.57,80,94.7,6.8,72.1,7.8
ICU,2026-07-01,supplies,654216.22,560075.66,94140.56,80,94.7,6.8,72.1,7.8
ICU,2026-07-01,utilities,654216.22,338459.88,315756.34,80,94.7,6.8,72.1,7.8
ICU,2026-08-01,equipment,698248.09,631304.14,66943.95,79,89.6,6.7,72.1,9.1
ICU,2026-08-01,maintenance,698248.09,235493.73,462754.36,79,89.6,6.7,72.1,9.1
ICU,2026-08-01,salaries,2405991.26,1388478.26,1017513.0,79,89.6,6.7,72.1,9.1
ICU,2026-08-01,supplies,698248.09,616034.02,82214.07,79,89.6,6.7,72.1,9.1
ICU,2026-08-01,utilities,698248.09,320403.29,377844.8,79,89.6,6.7,72.1,9.1
ICU,2026-09-01,equipment,661411.22,615142.62,46268.6,94,89.9,6.7,71.6,9.3
ICU,2026-09-01,maintenance,661411.22,210313.35,451097.87,94,89.9,6.7,71.6,9.3
ICU,2026-09-01,salaries,2372322.7,1405653.29,966669.41,94,89.9,6.7,71.6,9.3
ICU,2026-09-01,supplies,661411.22,523368.25,138042.97,94,89.9,6.7,71.6,9.3
ICU,2026-09-01,utilities,661411.22,309983.72,351427.5,94,89.9,6.7,71.6,9.3
Neurology,2025-10-01,equipment,363421.26,280107.95,83313.31,177,73.3,5.3,79.7,6.2
Neurology,2025-10-01,maintenance,363421.26,94038.11,269383.15,177,73.3,5.3,79.7,6.2
Neurology,2025-10-01,salaries,1087873.74,568067.62,519806.12,177,73.3,5.3,79.7,6.2
Neurology,2025-10-01,supplies,363421.26,227645.1,135776.16,177,73.3,5.3,79.7,6.2
Neurology,2025-10-01,utilities,363421.26,133815.77,229605.49,177,73.3,5.3,79.7,6.2
Neurology,2025-11-01,equipment,359591.74,250601.99,108989.75,194,69.7,5.2,79.1,5.6
Neurology,2025-11-01,maintenance,359591.74,90532.03,269059.71,194,69.7,5.2,79.1,5.6
Neurology,2025-11-01,salaries,1274186.99,594017.91,680169.08,194,69.7,5.2,79.1,5.6
Neurology,2025-11-01,supplies,359591.74,244933.32,114658.42,194,69.7,5.2,79.1,5.6
Neurology,2025-11-01,utilities,359591.74,126025.47,233566.27,194,69.7,5.2,79.1,5.6
Neurology,2025-12-01,equipment,371325.32,240731.63,130593.69,186,67.3,4.9,78.2,5.6
Neurology,2025-12-01,maintenance,371325.32,97620.5,273704.82,186,67.3,4.9,78.2,5.6
Neurology,2025-12-01,salaries,1269935.77,564310.41,705625.36,186,67.3,4.9,78.2,5.6
Neurology,2025-12-01,supplies,371325.32,231012.05,140313.27,186,67.3,4.9,78.2,5.6
Neurology,2025-12-01,utilities,371325.32,139506.61,231818.71,186,67.3,4.9,78.2,5.6
Neurology,2026-01-01,equipment,351925.55,273576.93,78348.62,188,68.0,4.7,79.5,6.0
Neurology,2026-01-01,maintenance,351925.55,85309.87,266615.68,188,68.0,4.7,79.5,6.0
Neurology,2026-01-01,salaries,1246678.7,558395.57,688283.13,188,68.0,4.7,79.5,6.0
Neurology,2026-01-01,supplies,351925.55,246160.05,105765.5,188,68.0,4.7,79.5,6.0
Neurology,2026-01-01,utilities,351925.55,126240.07,225685.48,188,68.0,4.7,79.5,6.0
Neurology,2026-02-01,equipment,382541.12,276198.96,106342.16,184,67.5,5.5,76.5,5.6
Neurology,2026-02-01,maintenance,382541.12,91316.9,291224.22,184,67.5,5.5,76.5,5.6
Neurology,2026-02-01,salaries,1369069.64,617342.97,751726.67,184,67.5,5.5,76.5,5.6
Neurology,2026-02-01,supplies,382541.12,223497.75,159043.37,184,67.5,5.5,76.5,5.6
Neurology,2026-02-01,utilities,382541.12,141617.27,240923.85,184,67.5,5.5,76.5,5.6
Neurology,2026-03-01,equipment,378868.41,258576.99,120291.42,204,67.4,5.1,77.9,6.5
Neurology,2026-03-01,maintenance,378868.41,98193.78,280674.63,204,67.4,5.1,77.9,6.5
Neurology,2026-03-01,salaries,1132973.52,584505.58,548467.94,204,67.4,5.1,77.9,6.5
Neurology,2026-03-01,supplies,378868.41,250447.8,128420.61,204,67.4,5.1,77.9,6.5
Neurology,2026-03-01,utilities,378868.41,132937.61,245930.8,204,67.4,5.1,77.9,6.5
Neurology,2026-04-01,equipment,383555.96,261065.78,122490.18,178,71.7,4.8,77.7,6.3
Neurology,2026-04-01,maintenance,383555.96,85569.57,297986.39,178,71.7,4.8,77.7,6.3
Neurology,2026-04-01,salaries,1185452.25,601117.18,584335.07,178,71.7,4.8,77.7,6.3
Neurology,2026-04-01,supplies,383555.96,250657.14,132898.82,178,71.7,4.8,77.7,6.3
Neurology,2026-04-01,utilities,383555.96,138014.6,245541.36,178,71.7,4.8,77.7,6.3
Neurology,2026-05-01,equipment,375125.84,270228.6,104897.24,186,73.2,4.7,77.0,6.1
Neurology,2026-05-01,maintenance,375125.84,93314.93,281810.91,186,73.2,4.7,77.0,6.1
Neurology,2026-05-01,salaries,1287809.07,547702.57,740106.5,186,73.2,4.7,77.0,6.1
Neurology,2026-05-01,supplies,375125.84,228920.64,146205.2,186,73.2,4.7,77.0,6.1
Neurology,2026-05-01,utilities,375125.84,137316.83,237809.01,186,73.2,4.7,77.0,6.1
Neurology,2026-06-01,equipment,377908.22,276771.27,101136.95,200,67.2,5.3,79.3,5.9
Neurology,2026-06-01,maintenance,377908.22,92190.63,285717.59,200,67.2,5.3,79.3,5.9
Neurology,2026-06-01,salaries,1325927.58,545179.48,780748.1,200,67.2,5.3,79.3,5.9
Neurology,2026-06-01,supplies,377908.22,235679.52,142228.7,200,67.2,5.3,79.3,5.9
Neurology,2026-06-01,utilities,377908.22,136943.67,240964.55,200,67.2,5.3,79.3,5.9
Neurology,2026-07-01,equipment,369836.06,276332.09,93503.97,189,67.8,4.8,75.6,6.0
Neurology,2026-07-01,maintenance,369836.06,88057.65,281778.41,189,67.8,4.8,75.6,6.0
Neurology,2026-07-01,salaries,1301568.67,575410.14,726158.53,189,67.8,4.8,75.6,6.0
Neurology,2026-07-01,supplies,369836.06,251152.4,118683.66,189,67.8,4.8,75.6,6.0
Neurology,2026-07-01,utilities,369836.06,140335.85,229500.21,189,67.8,4.8,75.6,6.0
Neurology,2026-08-01,equipment,376340.43,260648.24,115692.19,197,70.7,4.7,78.3,5.3
Neurology,2026-08-01,maintenance,376340.43,98984.3,277356.13,197,70.7,4.7,78.3,5.3
Neurology,2026-08-01,salaries,1320688.05,622061.03,698627.02,197,70.7,4.7,78.3,5.3
Neurology,2026-08-01,supplies,376340.43,242748.53,133591.9,197,70.7,4.7,78.3,5.3
Neurology,2026-08-01,utilities,376340.43,124993.27,251347.16,197,70.7,4.7,78.3,5.3
Neurology,2026-09-01,equipment,402883.48,263447.24,139436.24,191,67.0,5.3,75.4,6.2
Neurology,2026-09-01,maintenance,402883.48,106673.19,296210.29,191,67.0,5.3,75.4,6.2
Neurology,2026-09-01,salaries,1413096.06,673434.21,739661.85,191,67.0,5.3,75.4,6.2
Neurology,2026-09-01,supplies,402883.48,266326.87,136556.61,191,67.0,5.3,75.4,6.2
Neurology,2026-09-01,utilities,402883.48,138735.43,264148.05,191,67.0,5.3,75.4,6.2
Orthopedics,2025-10-01,equipment,401906.93,305043.27,96863.66,185,60.5,5.6,82.8,3.9
Orthopedics,2025-10-01,maintenance,401906.93,113576.38,288330.55,185,60.5,5.6,82.8,3.9
Orthopedics,2025-10-01,salaries,1205384.88,718381.19,487003.69,185,60.5,5.6,82.8,3.9
Orthopedics,2025-10-01,supplies,401906.93,277825.38,124081.55,185,60.5,5.6,82.8,3.9
Orthopedics,2025-10-01,utilities,401906.93,147371.03,254535.9,185,60.5,5.6,82.8,3.9
Orthopedics,2025-11-01,equipment,415104.71,280185.42,134919.29,205,59.6,5.7,78.0,3.6
Orthopedics,2025-11-01,maintenance,415104.71,105459.16,309645.55,205,59.6,5.7,78.0,3.6
Orthopedics,2025-11-01,salaries,1413515.99,666237.56,747278.43,205,59.6,5.7,78.0,3.6
Orthopedics,2025-11-01,supplies,415104.71,256851.83,158252.88,205,59.6,5.7,78.0,3.6
Orthopedics,2025-11-01,utilities,415104.71,158783.78,256320.93,205,59.6,5.7,78.0,3.6
Orthopedics,2025-12-01,equipment,414067.68,294984.79,119082.89,211,59.8,6.1,79.4,3.8
Orthopedics,2025-12-01,maintenance,414067.68,101245.81,312821.87,211,59.8,6.1,79.4,3.8
Orthopedics,2025-12-01,salaries,1268774.05,640049.84,628724.21,211,59.8,6.1,79.4,3.8
Orthopedics,2025-12-01,supplies,414067.68,276397.93,137669.75,211,59.8,6.1,79.4,3.8
Orthopedics,2025-12-01,utilities,414067.68,144876.65,269191.03,211,59.8,6.1,79.4,3.8
Orthopedics,2026-01-01,equipment,397177.2,324452.51,72724.69,213,61.5,5.9,83.4,3.5
Orthopedics,2026-01-01,maintenance,397177.2,110282.74,286894.46,213,61.5,5.9,83.4,3.5
Orthopedics,2026-01-01,salaries,1399516.81,660359.58,739157.23,213,61.5,5.9,83.4,3.5
Orthopedics,2026-01-01,supplies,397177.2,257159.81,140017.39,213,61.5,5.9,83.4,3.5
Orthopedics,2026-01-01,utilities,397177.2,146969.01,250208.19,213,61.5,5.9,83.4,3.5
Orthopedics,2026-02-01,equipment,401509.04,294568.62,106940.42,215,59.4,5.9,82.6,3.5
Orthopedics,2026-02-01,maintenance,401509.04,98422.43,303086.61,215,59.4,5.9,82.6,3.5
Orthopedics,2026-02-01,salaries,1324158.39,712077.03,612081.36,215,59.4,5.9,82.6,3.5
Orthopedics,2026-02-01,supplies,401509.04,278402.06,123106.98,215,59.4,5.9,82.6,3.5
Orthopedics,2026-02-01,utilities,401509.04,155209.3,246299.74,215,59.4,5.9,82.6,3.5
Orthopedics,2026-03-01,equipment,395073.91,315515.51,79558.4,213,60.4,6.2,81.0,3.7
Orthopedics,2026-03-01,maintenance,395073.91,99681.39,295392.52,213,60.4,6.2,81.0,3.7
Orthopedics,2026-03-01,salaries,1275196.5,676436.67,598759.83,213,60.4,6.2,81.0,3.7
Orthopedics,2026-03-01,supplies,395073.91,281522.25,113551.66,213,60.4,6.2,81.0,3.7
Orthopedics,2026-03-01,utilities,395073.91,163968.87,231105.04,213,60.4,6.2,81.0,3.7
Orthopedics,2026-04-01,equipment,406027.54,288287.52,117740.02,204,61.0,5.9,78.3,3.8
Orthopedics,2026-04-01,maintenance,406027.54,102401.11,303626.43,204,61.0,5.9,78.3,3.8
Orthopedics,2026-04-01,salaries,1250704.1,721968.04,528736.06,204,61.0,5.9,78.3,3.8
Orthopedics,2026-04-01,supplies,406027.54,270745.46,135282.08,204,61.0,5.9,78.3,3.8
Orthopedics,2026-04-01,utilities,406027.54,149765.48,256262.06,204,61.0,5.9,78.3,3.8
Orthopedics,2026-05-01,equipment,398162.77,321515.9,76646.87,214,60.6,6.2,78.3,4.1
Orthopedics,2026-05-01,maintenance,398162.77,117633.51,280529.26,214,60.6,6.2,78.3,4.1
Orthopedics,2026-05-01,salaries,1391145.16,711102.57,680042.59,214,60.6,6.2,78.3,4.1
Orthopedics,2026-05-01,supplies,398162.77,266412.16,131750.61,214,60.6,6.2,78.3,4.1
Orthopedics,2026-05-01,utilities,398162.77,172213.46,225949.31,214,60.6,6.2,78.3,4.1
Orthopedics,2026-06-01,equipment,234202.61,431412.06,-197209.45,214,60.9,5.4,82.2,3.6
Orthopedics,2026-06-01,maintenance,234202.61,140654.41,93548.2,214,60.9,5.4,82.2,3.6
Orthopedics,2026-06-01,salaries,708406.69,1027192.4,-318785.71,214,60.9,5.4,82.2,3.6
Orthopedics,2026-06-01,supplies,234202.61,371341.02,-137138.41,214,60.9,5.4,82.2,3.6
Orthopedics,2026-06-01,utilities,234202.61,212779.48,21423.13,214,60.9,5.4,82.2,3.6
Orthopedics,2026-07-01,equipment,220119.15,432975.24,-212856.09,200,59.4,6.2,84.2,3.4
Orthopedics,2026-07-01,maintenance,220119.15,164739.56,55379.6,200,59.4,6.2,84.2,3.4
Orthopedics,2026-07-01,salaries,757594.57,944394.62,-186800.05,200,59.4,6.2,84.2,3.4
Orthopedics,2026-07-01,supplies,220119.15,387668.05,-167548.9,200,59.4,6.2,84.2,3.4
Orthopedics,2026-07-01,utilities,220119.15,234012.78,-13893.63,200,59.4,6.2,84.2,3.4
Orthopedics,2026-08-01,equipment,223162.19,461021.03,-237858.84,219,60.8,5.8,81.9,4.2
Orthopedics,2026-08-01,maintenance,223162.19,156056.19,67106.0,219,60.8,5.8,81.9,4.2
Orthopedics,2026-08-01,salaries,694654.32,911637.87,-216983.55,219,60.8,5.8,81.9,4.2
Orthopedics,2026-08-01,supplies,223162.19,390863.27,-167701.08,219,60.8,5.8,81.9,4.2
Orthopedics,2026-08-01,utilities,223162.19,215877.35,7284.84,219,60.8,5.8,81.9,4.2
Orthopedics,2026-09-01,equipment,211248.58,402679.44,-191430.86,234,61.3,5.5,78.7,4.1
Orthopedics,2026-09-01,maintenance,211248.58,141615.18,69633.41,234,61.3,5.5,78.7,4.1
Orthopedics,2026-09-01,salaries,736853.2,959005.79,-222152.59,234,61.3,5.5,78.7,4.1
Orthopedics,2026-09-01,supplies,211248.58,411695.49,-200446.91,234,61.3,5.5,78.7,4.1
Orthopedics,2026-09-01,utilities,211248.58,198704.42,12544.16,234,61.3,5.5,78.7,4.1
Pediatrics,2025-10-01,equipment,293997.42,202397.23,91600.19,255,55.1,3.1,88.2,3.3
Pediatrics,2025-10-01,maintenance,293997.42,65833.03,228164.39,255,55.1,3.1,88.2,3.3
Pediatrics,2025-10-01,salaries,1011301.82,455279.19,556022.63,255,55.1,3.1,88.2,3.3
Pediatrics,2025-10-01,supplies,293997.42,185073.46,108923.96,255,55.1,3.1,88.2,3.3
Pediatrics,2025-10-01,utilities,293997.42,105907.12,188090.3,255,55.1,3.1,88.2,3.3
Pediatrics,2025-11-01,equipment,267370.35,196821.07,70549.28,267,55.1,3.3,86.9,3.1
Pediatrics,2025-11-01,maintenance,267370.35,71101.39,196268.96,267,55.1,3.3,86.9,3.1
Pediatrics,2025-11-01,salaries,899536.73,412144.73,487392.0,267,55.1,3.3,86.9,3.1
Pediatrics,2025-11-01,supplies,267370.35,167431.77,99938.58,267,55.1,3.3,86.9,3.1
Pediatrics,2025-11-01,utilities,267370.35,100522.39,166847.96,267,55.1,3.3,86.9,3.1
Pediatrics,2025-12-01,equipment,272324.72,212870.2,59454.52,276,59.9,3.4,87.8,3.2
Pediatrics,2025-12-01,maintenance,272324.72,65503.84,206820.88,276,59.9,3.4,87.8,3.2
Pediatrics,2025-12-01,salaries,814199.09,473754.06,340445.03,276,59.9,3.4,87.8,3.2
Pediatrics,2025-12-01,supplies,272324.72,195824.11,76500.61,276,59.9,3.4,87.8,3.2
Pediatrics,2025-12-01,utilities,272324.72,94912.27,177412.45,276,59.9,3.4,87.8,3.2
Pediatrics,2026-01-01,equipment,277214.84,211077.06,66137.78,268,60.4,3.4,87.8,3.2
Pediatrics,2026-01-01,maintenance,277214.84,72873.98,204340.86,268,60.4,3.4,87.8,3.2
Pediatrics,2026-01-01,salaries,881610.21,492785.91,388824.3,268,60.4,3.4,87.8,3.2
Pediatrics,2026-01-01,supplies,277214.84,171192.31,106022.53,268,60.4,3.4,87.8,3.2
Pediatrics,2026-01-01,utilities,277214.84,105140.21,172074.63,268,60.4,3.4,87.8,3.2
Pediatrics,2026-02-01,equipment,272094.02,193509.49,78584.53,273,55.8,3.0,87.6,2.9
Pediatrics,2026-02-01,maintenance,272094.02,70337.17,201756.85,273,55.8,3.0,87.6,2.9
Pediatrics,2026-02-01,salaries,902747.52,489476.52,413271.0,273,55.8,3.0,87.6,2.9
Pediatrics,2026-02-01,supplies,272094.02,199752.26,72341.76,273,55.8,3.0,87.6,2.9
Pediatrics,2026-02-01,utilities,272094.02,107657.56,164436.46,273,55.8,3.0,87.6,2.9
Pediatrics,2026-03-01,equipment,282189.6,211098.1,71091.5,308,60.4,3.0,87.6,3.5
Pediatrics,2026-03-01,maintenance,282189.6,75129.39,207060.21,308,60.4,3.0,87.6,3.5
Pediatrics,2026-03-01,salaries,886874.23,450240.8,436633.43,308,60.4,3.0,87.6,3.5
Pediatrics,2026-03-01,supplies,282189.6,189203.97,92985.63,308,60.4,3.0,87.6,3.5
Pediatrics,2026-03-01,utilities,282189.6,93649.44,188540.16,308,60.4,3.0,87.6,3.5
Pediatrics,2026-04-01,equipment,288943.18,215505.56,73437.62,260,57.4,3.1,89.6,3.1
Pediatrics,2026-04-01,maintenance,288943.18,76292.5,212650.68,260,57.4,3.1,89.6,3.1
Pediatrics,2026-04-01,salaries,926482.98,482906.73,443576.25,260,57.4,3.1,89.6,3.1
Pediatrics,2026-04-01,supplies,288943.18,200885.39,88057.79,260,57.4,3.1,89.6,3.1
Pediatrics,2026-04-01,utilities,288943.18,100046.44,188896.74,260,57.4,3.1,89.6,3.1
Pediatrics,2026-05-01,equipment,287024.68,195043.29,91981.39,295,55.8,3.2,88.8,3.4
Pediatrics,2026-05-01,maintenance,287024.68,66203.8,220820.88,295,55.8,3.2,88.8,3.4
Pediatrics,2026-05-01,salaries,977589.6,451037.71,526551.89,295,55.8,3.2,88.8,3.4
Pediatrics,2026-05-01,supplies,287024.68,192552.63,94472.05,295,55.8,3.2,88.8,3.4
Pediatrics,2026-05-01,utilities,287024.68,106633.69,180390.99,295,55.8,3.2,88.8,3.4
Pediatrics,2026-06-01,equipment,297735.82,195204.16,102531.66,279,59.8,3.1,90.6,3.4
Pediatrics,2026-06-01,maintenance,297735.82,66123.78,231612.04,279,59.8,3.1,90.6,3.4
Pediatrics,2026-06-01,salaries,989814.97,445352.09,544462.88,279,59.8,3.1,90.6,3.4
Pediatrics,2026-06-01,supplies,297735.82,165642.92,132092.9,279,59.8,3.1,90.6,3.4
Pediatrics,2026-06-01,utilities,297735.82,105117.94,192617.88,279,59.8,3.1,90.6,3.4
Pediatrics,2026-07-01,equipment,279370.45,215191.59,64178.86,276,58.9,3.0,91.4,2.9
Pediatrics,2026-07-01,maintenance,279370.45,78199.35,201171.1,276,58.9,3.0,91.4,2.9
Pediatrics,2026-07-01,salaries,979672.81,457098.56,522574.25,276,58.9,3.0,91.4,2.9
Pediatrics,2026-07-01,supplies,279370.45,180915.95,98454.5,276,58.9,3.0,91.4,2.9
Pediatrics,2026-07-01,utilities,279370.45,96070.44,183300.01,276,58.9,3.0,91.4,2.9
Pediatrics,2026-08-01,equipment,276558.65,213960.6,62598.05,282,57.7,3.4,86.2,3.3
Pediatrics,2026-08-01,maintenance,276558.65,76075.94,200482.71,282,57.7,3.4,86.2,3.3
Pediatrics,2026-08-01,salaries,947009.05,466310.25,480698.8,282,57.7,3.4,86.2,3.3
Pediatrics,2026-08-01,supplies,276558.65,191227.88,85330.77,282,57.7,3.4,86.2,3.3
Pediatrics,2026-08-01,utilities,276558.65,103661.76,172896.89,282,57.7,3.4,86.2,3.3
Pediatrics,2026-09-01,equipment,277603.64,202499.18,75104.46,276,58.7,3.0,88.4,3.1
Pediatrics,2026-09-01,maintenance,277603.64,69127.89,208475.75,276,58.7,3.0,88.4,3.1
Pediatrics,2026-09-01,salaries,865898.24,463555.49,402342.75,276,58.7,3.0,88.4,3.1
Pediatrics,2026-09-01,supplies,277603.64,179132.06,98471.58,276,58.7,3.0,88.4,3.1
Pediatrics,2026-09-01,utilities,277603.64,100439.89,177163.75,276,58.7,3.0,88.4,3.1
