Department,Date,Revenue,Expense,PatientVolume,BedOccupancy,ALOS,PatientSatisfaction,ReadmissionRate
Cardiology,01-10-2025,1775992.1,746586.33,358,82.4,4.5,87.3,3.8
Cardiology,01-10-2025,571456.02,323595.19,358,82.4,4.5,87.3,3.8
Cardiology,01-10-2025,571456.02,298878.95,358,82.4,4.5,87.3,3.8
Cardiology,01-10-2025,571456.02,162386.23,358,82.4,4.5,87.3,3.8
Cardiology,01-10-2025,571456.02,117108.49,358,82.4,4.5,87.3,3.8
Cardiology,01-11-2025,1747265.51,786952.31,394,82.6,4.3,83.1,4.4
Cardiology,01-11-2025,572139.12,343858.72,394,82.6,4.3,83.1,4.4
Cardiology,01-11-2025,572139.12,343916.51,394,82.6,4.3,83.1,4.4
Cardiology,01-11-2025,572139.12,182817.71,394,82.6,4.3,83.1,4.4
Cardiology,01-11-2025,572139.12,127194.24,394,82.6,4.3,83.1,4.4
Cardiology,01-12-2025,1743646.98,785114.34,408,84.6,4.4,86.2,4.5
Cardiology,01-12-2025,550283.77,397687.67,408,84.6,4.4,86.2,4.5
Cardiology,01-12-2025,550283.77,339356.6,408,84.6,4.4,86.2,4.5
Cardiology,01-12-2025,550283.77,186081.13,408,84.6,4.4,86.2,4.5
Cardiology,01-12-2025,550283.77,132893.43,408,84.6,4.4,86.2,4.5
Cardiology,01-01-2026,1740583.48,799143.43,365,78.2,4.5,85.4,4
Cardiology,01-01-2026,593212,360307.59,365,78.2,4.5,85.4,4
Cardiology,01-01-2026,593212,321726,365,78.2,4.5,85.4,4
Cardiology,01-01-2026,593212,177050.86,365,78.2,4.5,85.4,4
Cardiology,01-01-2026,593212,139153.19,365,78.2,4.5,85.4,4
Cardiology,01-02-2026,1907398.22,827695.61,391,82.2,4.5,86.7,4.2
Cardiology,01-02-2026,599895.36,382745.36,391,82.2,4.5,86.7,4.2
Cardiology,01-02-2026,599895.36,320917.25,391,82.2,4.5,86.7,4.2
Cardiology,01-02-2026,599895.36,172717.46,391,82.2,4.5,86.7,4.2
Cardiology,01-02-2026,599895.36,120535.33,391,82.2,4.5,86.7,4.2
Cardiology,01-03-2026,2063046.61,817533.33,389,81.7,4.8,85.5,4.2
Cardiology,01-03-2026,586337.58,352726.02,389,81.7,4.8,85.5,4.2
Cardiology,01-03-2026,586337.58,308157.07,389,81.7,4.8,85.5,4.2
Cardiology,01-03-2026,586337.58,193517.4,389,81.7,4.8,85.5,4.2
Cardiology,01-03-2026,586337.58,125664.97,389,81.7,4.8,85.5,4.2
Cardiology,01-04-2026,1879491.84,745169.9,354,84.9,4.8,83.1,3.9
Cardiology,01-04-2026,563392.43,369757.49,354,84.9,4.8,83.1,3.9
Cardiology,01-04-2026,563392.43,313964.73,354,84.9,4.8,83.1,3.9
Cardiology,01-04-2026,563392.43,164289.92,354,84.9,4.8,83.1,3.9
Cardiology,01-04-2026,563392.43,121295.42,354,84.9,4.8,83.1,3.9
Cardiology,01-05-2026,2171223.91,891581.1,357,85.1,4.2,89.4,3.8
Cardiology,01-05-2026,621499.23,339682.76,357,85.1,4.2,89.4,3.8
Cardiology,01-05-2026,621499.23,343348.07,357,85.1,4.2,89.4,3.8
Cardiology,01-05-2026,621499.23,189598.92,357,85.1,4.2,89.4,3.8
Cardiology,01-05-2026,621499.23,129732.51,357,85.1,4.2,89.4,3.8
Cardiology,01-06-2026,1868894.06,786855.9,376,84,4.5,89.3,4.1
Cardiology,01-06-2026,582942.47,370128.48,376,84,4.5,89.3,4.1
Cardiology,01-06-2026,582942.47,359968.62,376,84,4.5,89.3,4.1
Cardiology,01-06-2026,582942.47,197656.84,376,84,4.5,89.3,4.1
Cardiology,01-06-2026,582942.47,125570.44,376,84,4.5,89.3,4.1
Cardiology,01-07-2026,2105904.76,864267.45,338,83.6,4.8,87.6,3.7
Cardiology,01-07-2026,601669.88,348709.52,338,83.6,4.8,87.6,3.7
Cardiology,01-07-2026,601669.88,331506.5,338,83.6,4.8,87.6,3.7
Cardiology,01-07-2026,601669.88,183306.08,338,83.6,4.8,87.6,3.7
Cardiology,01-07-2026,601669.88,119110.24,338,83.6,4.8,87.6,3.7
Cardiology,01-08-2026,2035446.22,874585.29,383,79.1,4.5,82.9,4.5
Cardiology,01-08-2026,622367.6,342380.38,383,79.1,4.5,82.9,4.5
Cardiology,01-08-2026,622367.6,325481.48,383,79.1,4.5,82.9,4.5
Cardiology,01-08-2026,622367.6,171752.97,383,79.1,4.5,82.9,4.5
Cardiology,01-08-2026,622367.6,139182.21,383,79.1,4.5,82.9,4.5
Cardiology,01-09-2026,1872643.82,832880.55,384,85,4.6,85.8,4.5
Cardiology,01-09-2026,634450.52,405031.59,384,85,4.6,85.8,4.5
Cardiology,01-09-2026,634450.52,368319.99,384,85,4.6,85.8,4.5
Cardiology,01-09-2026,634450.52,178305.71,384,85,4.6,85.8,4.5
Cardiology,01-09-2026,634450.52,133376.48,384,85,4.6,85.8,4.5
Emergency,01-10-2025,1205167.97,779137.76,850,84.1,1.8,69.5,7.5
Emergency,01-10-2025,389345.55,322056.95,850,84.1,1.8,69.5,7.5
Emergency,01-10-2025,389345.55,283536.5,850,84.1,1.8,69.5,7.5
Emergency,01-10-2025,389345.55,159450.24,850,84.1,1.8,69.5,7.5
Emergency,01-10-2025,389345.55,110243.51,850,84.1,1.8,69.5,7.5
Emergency,01-11-2025,1169920.22,750600.41,965,84.6,1.9,72.1,6.3
Emergency,01-11-2025,382506.92,350408.98,965,84.6,1.9,72.1,6.3
Emergency,01-11-2025,382506.92,327528.46,965,84.6,1.9,72.1,6.3
Emergency,01-11-2025,382506.92,189043.02,965,84.6,1.9,72.1,6.3
Emergency,01-11-2025,382506.92,123438.67,965,84.6,1.9,72.1,6.3
Emergency,01-12-2025,1146665.78,721313.52,1019,89.2,1.9,71.2,6.3
Emergency,01-12-2025,373987.82,319792.27,1019,89.2,1.9,71.2,6.3
Emergency,01-12-2025,373987.82,279789.77,1019,89.2,1.9,71.2,6.3
Emergency,01-12-2025,373987.82,169460.97,1019,89.2,1.9,71.2,6.3
Emergency,01-12-2025,373987.82,113718.11,1019,89.2,1.9,71.2,6.3
Emergency,01-01-2026,1203940.33,821407.52,831,87.5,1.8,72.6,7.2
Emergency,01-01-2026,401616.17,374754.97,831,87.5,1.8,72.6,7.2
Emergency,01-01-2026,401616.17,318037.71,831,87.5,1.8,72.6,7.2
Emergency,01-01-2026,401616.17,187498.05,831,87.5,1.8,72.6,7.2
Emergency,01-01-2026,401616.17,125329.9,831,87.5,1.8,72.6,7.2
Emergency,01-02-2026,1129959.23,758235.93,920,88,1.9,74.7,6.4
Emergency,01-02-2026,383403.63,379964.34,920,88,1.9,74.7,6.4
Emergency,01-02-2026,383403.63,318287.74,920,88,1.9,74.7,6.4
Emergency,01-02-2026,383403.63,186604.83,920,88,1.9,74.7,6.4
Emergency,01-02-2026,383403.63,122247.73,920,88,1.9,74.7,6.4
Emergency,01-03-2026,1112793.49,761827.08,919,89.2,1.8,70.9,6.5
Emergency,01-03-2026,369305.19,368298.96,919,89.2,1.8,70.9,6.5
Emergency,01-03-2026,369305.19,317869.5,919,89.2,1.8,70.9,6.5
Emergency,01-03-2026,369305.19,196724.31,919,89.2,1.8,70.9,6.5
Emergency,01-03-2026,369305.19,119830.48,919,89.2,1.8,70.9,6.5
Emergency,01-04-2026,1217116.75,867300.64,909,88.7,1.8,69.8,7.5
Emergency,01-04-2026,397122.6,369662.93,909,88.7,1.8,69.8,7.5
Emergency,01-04-2026,397122.6,328874.68,909,88.7,1.8,69.8,7.5
Emergency,01-04-2026,397122.6,182478.51,909,88.7,1.8,69.8,7.5
Emergency,01-04-2026,397122.6,136345.45,909,88.7,1.8,69.8,7.5
Emergency,01-05-2026,1353094.22,834525.28,948,92.1,1.7,74.6,6.6
Emergency,01-05-2026,407067.95,377831.52,948,92.1,1.7,74.6,6.6
Emergency,01-05-2026,407067.95,350920.38,948,92.1,1.7,74.6,6.6
Emergency,01-05-2026,407067.95,173421.35,948,92.1,1.7,74.6,6.6
Emergency,01-05-2026,407067.95,121460.91,948,92.1,1.7,74.6,6.6
Emergency,01-06-2026,1171816.1,775792.08,917,89.3,1.8,71.1,6.5
Emergency,01-06-2026,395460.46,334835.38,917,89.3,1.8,71.1,6.5
Emergency,01-06-2026,395460.46,324811.15,917,89.3,1.8,71.1,6.5
Emergency,01-06-2026,395460.46,184621.25,917,89.3,1.8,71.1,6.5
Emergency,01-06-2026,395460.46,123071.35,917,89.3,1.8,71.1,6.5
Emergency,01-07-2026,1222891.16,893919.41,927,90.2,1.8,72.2,6.4
Emergency,01-07-2026,379901.25,396336.89,927,90.2,1.8,72.2,6.4
Emergency,01-07-2026,379901.25,369809.4,927,90.2,1.8,72.2,6.4
Emergency,01-07-2026,379901.25,201260.49,927,90.2,1.8,72.2,6.4
Emergency,01-07-2026,379901.25,137374.84,927,90.2,1.8,72.2,6.4
Emergency,01-08-2026,1305033.28,881140.15,962,94.4,1.8,72.5,7.1
Emergency,01-08-2026,397866.34,405728.18,962,94.4,1.8,72.5,7.1
Emergency,01-08-2026,397866.34,380039.62,962,94.4,1.8,72.5,7.1
Emergency,01-08-2026,397866.34,208539.93,962,94.4,1.8,72.5,7.1
Emergency,01-08-2026,397866.34,129214.71,962,94.4,1.8,72.5,7.1
Emergency,01-09-2026,1251464.56,893047.47,947,93.2,1.8,69.4,7.1
Emergency,01-09-2026,379609.6,368795.27,947,93.2,1.8,69.4,7.1
Emergency,01-09-2026,379609.6,322887.26,947,93.2,1.8,69.4,7.1
Emergency,01-09-2026,379609.6,196614.27,947,93.2,1.8,69.4,7.1
Emergency,01-09-2026,379609.6,137866.31,947,93.2,1.8,69.4,7.1
General Medicine,01-10-2025,1401867.68,777811.04,459,73.3,4,80.7,5.7
General Medicine,01-10-2025,453298.35,344462.15,459,73.3,4,80.7,5.7
General Medicine,01-10-2025,453298.35,277803.11,459,73.3,4,80.7,5.7
General Medicine,01-10-2025,453298.35,174464.98,459,73.3,4,80.7,5.7
General Medicine,01-10-2025,453298.35,121875.16,459,73.3,4,80.7,5.7
General Medicine,01-11-2025,1339391.88,736480.69,531,74.1,3.6,78.7,4.6
General Medicine,01-11-2025,429498.23,344983.73,531,74.1,3.6,78.7,4.6
General Medicine,01-11-2025,429498.23,283553.54,531,74.1,3.6,78.7,4.6
General Medicine,01-11-2025,429498.23,152155.47,531,74.1,3.6,78.7,4.6
General Medicine,01-11-2025,429498.23,109635.02,531,74.1,3.6,78.7,4.6
General Medicine,01-12-2025,1351717.38,802723.57,521,74,3.7,79.9,4.9
General Medicine,01-12-2025,435909.99,339482.09,521,74,3.7,79.9,4.9
General Medicine,01-12-2025,435909.99,293974.89,521,74,3.7,79.9,4.9
General Medicine,01-12-2025,435909.99,178761.74,521,74,3.7,79.9,4.9
General Medicine,01-12-2025,435909.99,116861.82,521,74,3.7,79.9,4.9
General Medicine,01-01-2026,1409937.15,759406.72,513,77.9,3.8,76.2,5.7
General Medicine,01-01-2026,464860.43,337119.03,513,77.9,3.8,76.2,5.7
General Medicine,01-01-2026,464860.43,271899.6,513,77.9,3.8,76.2,5.7
General Medicine,01-01-2026,464860.43,147111.28,513,77.9,3.8,76.2,5.7
General Medicine,01-01-2026,464860.43,108711.1,513,77.9,3.8,76.2,5.7
General Medicine,01-02-2026,1489751.69,732931.26,540,79.4,3.5,80.3,4.7
General Medicine,01-02-2026,457300.2,314420.58,540,79.4,3.5,80.3,4.7
General Medicine,01-02-2026,457300.2,291806.28,540,79.4,3.5,80.3,4.7
General Medicine,01-02-2026,457300.2,153867.01,540,79.4,3.5,80.3,4.7
General Medicine,01-02-2026,457300.2,115851.45,540,79.4,3.5,80.3,4.7
General Medicine,01-03-2026,1449306.57,764195.82,544,79.5,3.5,77.4,5.6
General Medicine,01-03-2026,426503.06,350633.62,544,79.5,3.5,77.4,5.6
General Medicine,01-03-2026,426503.06,312103.36,544,79.5,3.5,77.4,5.6
General Medicine,01-03-2026,426503.06,165116.15,544,79.5,3.5,77.4,5.6
General Medicine,01-03-2026,426503.06,110018.94,544,79.5,3.5,77.4,5.6
General Medicine,01-04-2026,1596325.21,705777.84,465,79.1,3.5,79.2,5.2
General Medicine,01-04-2026,458067.8,334672.58,465,79.1,3.5,79.2,5.2
General Medicine,01-04-2026,458067.8,281678.28,465,79.1,3.5,79.2,5.2
General Medicine,01-04-2026,458067.8,156719.74,465,79.1,3.5,79.2,5.2
General Medicine,01-04-2026,458067.8,111498.18,465,79.1,3.5,79.2,5.2
General Medicine,01-05-2026,1432111.58,684868.34,507,77,3.8,80,4.7
General Medicine,01-05-2026,448052.75,346495.29,507,77,3.8,80,4.7
General Medicine,01-05-2026,448052.75,299584.89,507,77,3.8,80,4.7
General Medicine,01-05-2026,448052.75,172275.08,507,77,3.8,80,4.7
General Medicine,01-05-2026,448052.75,115384.96,507,77,3.8,80,4.7
General Medicine,01-06-2026,1382978.14,686567.13,561,76.8,3.6,81.1,5.2
General Medicine,01-06-2026,445236.28,327931.1,561,76.8,3.6,81.1,5.2
General Medicine,01-06-2026,445236.28,302306.28,561,76.8,3.6,81.1,5.2
General Medicine,01-06-2026,445236.28,169930.43,561,76.8,3.6,81.1,5.2
General Medicine,01-06-2026,445236.28,115427.78,561,76.8,3.6,81.1,5.2
General Medicine,01-07-2026,1596532.72,726115.95,490,77.7,3.6,80,4.5
General Medicine,01-07-2026,453457.75,339459.76,490,77.7,3.6,80,4.5
General Medicine,01-07-2026,453457.75,276281.78,490,77.7,3.6,80,4.5
General Medicine,01-07-2026,453457.75,151288.64,490,77.7,3.6,80,4.5
General Medicine,01-07-2026,453457.75,113718.5,490,77.7,3.6,80,4.5
General Medicine,01-08-2026,1586683.25,777117.2,514,75.4,3.6,79.8,5
General Medicine,01-08-2026,464007.83,337727.92,514,75.4,3.6,79.8,5
General Medicine,01-08-2026,464007.83,282746.45,514,75.4,3.6,79.8,5
General Medicine,01-08-2026,464007.83,156410.65,514,75.4,3.6,79.8,5
General Medicine,01-08-2026,464007.83,106272.2,514,75.4,3.6,79.8,5
General Medicine,01-09-2026,1326885.37,792839.51,571,79.2,3.5,80.2,5.7
General Medicine,01-09-2026,448020.97,329131.76,571,79.2,3.5,80.2,5.7
General Medicine,01-09-2026,448020.97,306565.52,571,79.2,3.5,80.2,5.7
General Medicine,01-09-2026,448020.97,158692.61,571,79.2,3.5,80.2,5.7
General Medicine,01-09-2026,448020.97,120464.28,571,79.2,3.5,80.2,5.7
General Surgery,01-10-2025,1457301.5,768042.13,298,76.3,4.2,79.9,4
General Surgery,01-10-2025,499718.86,346409.22,298,76.3,4.2,79.9,4
General Surgery,01-10-2025,499718.86,312683.41,298,76.3,4.2,79.9,4
General Surgery,01-10-2025,499718.86,156036.53,298,76.3,4.2,79.9,4
General Surgery,01-10-2025,499718.86,115166.71,298,76.3,4.2,79.9,4
General Surgery,01-11-2025,1432577.62,799282.61,320,72.9,4.3,81.5,4.6
General Surgery,01-11-2025,486213.31,340004.76,320,72.9,4.3,81.5,4.6
General Surgery,01-11-2025,486213.31,336564.84,320,72.9,4.3,81.5,4.6
General Surgery,01-11-2025,486213.31,175875.72,320,72.9,4.3,81.5,4.6
General Surgery,01-11-2025,486213.31,129955.61,320,72.9,4.3,81.5,4.6
General Surgery,01-12-2025,1824776.88,815088.56,329,74.7,4.1,80.4,5
General Surgery,01-12-2025,513475.38,379158.7,329,74.7,4.1,80.4,5
General Surgery,01-12-2025,513475.38,326919.18,329,74.7,4.1,80.4,5
General Surgery,01-12-2025,513475.38,184665.28,329,74.7,4.1,80.4,5
General Surgery,01-12-2025,513475.38,124979.75,329,74.7,4.1,80.4,5
General Surgery,01-01-2026,1790257.13,829046.6,289,71.1,4.4,77.4,4.5
General Surgery,01-01-2026,524315.19,345043.45,289,71.1,4.4,77.4,4.5
General Surgery,01-01-2026,524315.19,299789.01,289,71.1,4.4,77.4,4.5
General Surgery,01-01-2026,524315.19,166218.2,289,71.1,4.4,77.4,4.5
General Surgery,01-01-2026,524315.19,123927.33,289,71.1,4.4,77.4,4.5
General Surgery,01-02-2026,1622140.52,797598.54,323,76.6,4.5,82.3,4.4
General Surgery,01-02-2026,523633.75,323954.18,323,76.6,4.5,82.3,4.4
General Surgery,01-02-2026,523633.75,301977.6,323,76.6,4.5,82.3,4.4
General Surgery,01-02-2026,523633.75,167375.84,323,76.6,4.5,82.3,4.4
General Surgery,01-02-2026,523633.75,118096.9,323,76.6,4.5,82.3,4.4
General Surgery,01-03-2026,1740103.21,728878.3,314,77.2,4.4,81.7,4.3
General Surgery,01-03-2026,514683.93,349680.51,314,77.2,4.4,81.7,4.3
General Surgery,01-03-2026,514683.93,283409.46,314,77.2,4.4,81.7,4.3
General Surgery,01-03-2026,514683.93,166748.2,314,77.2,4.4,81.7,4.3
General Surgery,01-03-2026,514683.93,119283.03,314,77.2,4.4,81.7,4.3
General Surgery,01-04-2026,1799858.79,759916.88,309,72.8,3.9,76.9,4.5
General Surgery,01-04-2026,510849.54,346714.35,309,72.8,3.9,76.9,4.5
General Surgery,01-04-2026,510849.54,317533.08,309,72.8,3.9,76.9,4.5
General Surgery,01-04-2026,510849.54,180819.39,309,72.8,3.9,76.9,4.5
General Surgery,01-04-2026,510849.54,124827.54,309,72.8,3.9,76.9,4.5
General Surgery,01-05-2026,1750134.21,742819.77,320,75,3.9,79.1,4.5
General Surgery,01-05-2026,511571.25,357286.54,320,75,3.9,79.1,4.5
General Surgery,01-05-2026,511571.25,326426.58,320,75,3.9,79.1,4.5
General Surgery,01-05-2026,511571.25,166890.71,320,75,3.9,79.1,4.5
General Surgery,01-05-2026,511571.25,123044.24,320,75,3.9,79.1,4.5
General Surgery,01-06-2026,1599946.01,766824.63,338,73,4.3,79.8,4.5
General Surgery,01-06-2026,522754.03,353100.57,338,73,4.3,79.8,4.5
General Surgery,01-06-2026,522754.03,296891.04,338,73,4.3,79.8,4.5
General Surgery,01-06-2026,522754.03,173704.56,338,73,4.3,79.8,4.5
General Surgery,01-06-2026,522754.03,128446.15,338,73,4.3,79.8,4.5
General Surgery,01-07-2026,1553154.56,774618.37,301,71.5,4.3,81.5,4.9
General Surgery,01-07-2026,517951.48,352850.25,301,71.5,4.3,81.5,4.9
General Surgery,01-07-2026,517951.48,287898.57,301,71.5,4.3,81.5,4.9
General Surgery,01-07-2026,517951.48,170106.06,301,71.5,4.3,81.5,4.9
General Surgery,01-07-2026,517951.48,122376.14,301,71.5,4.3,81.5,4.9
General Surgery,01-08-2026,1614381.6,765899.25,321,73.6,4,78,4.4
General Surgery,01-08-2026,500715.97,335459.7,321,73.6,4,78,4.4
General Surgery,01-08-2026,500715.97,319029.27,321,73.6,4,78,4.4
General Surgery,01-08-2026,500715.97,172396.43,321,73.6,4,78,4.4
General Surgery,01-08-2026,500715.97,123009.12,321,73.6,4,78,4.4
General Surgery,01-09-2026,1882920.66,832598.64,333,75.3,4.2,78.6,4
General Surgery,01-09-2026,541996.02,341602.62,333,75.3,4.2,78.6,4
General Surgery,01-09-2026,541996.02,298716.08,333,75.3,4.2,78.6,4
General Surgery,01-09-2026,541996.02,164174.22,333,75.3,4.2,78.6,4
General Surgery,01-09-2026,541996.02,125280.69,333,75.3,4.2,78.6,4
ICU,01-10-2025,1982804.07,1303753.69,77,95.1,7.2,71.1,8.9
ICU,01-10-2025,668331.28,537319.38,77,95.1,7.2,71.1,8.9
ICU,01-10-2025,668331.28,516342.54,77,95.1,7.2,71.1,8.9
ICU,01-10-2025,668331.28,281766.36,77,95.1,7.2,71.1,8.9
ICU,01-10-2025,668331.28,194899.31,77,95.1,7.2,71.1,8.9
ICU,01-11-2025,2036285.16,1435945.6,88,87.4,7.5,76.2,9.4
ICU,01-11-2025,616914.15,649325.17,88,87.4,7.5,76.2,9.4
ICU,01-11-2025,616914.15,588647.42,88,87.4,7.5,76.2,9.4
ICU,01-11-2025,616914.15,311168.64,88,87.4,7.5,76.2,9.4
ICU,01-11-2025,616914.15,204157.68,88,87.4,7.5,76.2,9.4
ICU,01-12-2025,2067330.29,1344090.27,87,93.4,6.8,74.9,7.9
ICU,01-12-2025,616695.84,640163.07,87,93.4,6.8,74.9,7.9
ICU,01-12-2025,616695.84,512656.91,87,93.4,6.8,74.9,7.9
ICU,01-12-2025,616695.84,304200.4,87,93.4,6.8,74.9,7.9
ICU,01-12-2025,616695.84,214602.55,87,93.4,6.8,74.9,7.9
ICU,01-01-2026,2036573.42,1257663.53,80,93.8,6.8,75.3,7.7
ICU,01-01-2026,649110.55,588493.08,80,93.8,6.8,75.3,7.7
ICU,01-01-2026,649110.55,545120.24,80,93.8,6.8,75.3,7.7
ICU,01-01-2026,649110.55,278648.6,80,93.8,6.8,75.3,7.7
ICU,01-01-2026,649110.55,206727.8,80,93.8,6.8,75.3,7.7
ICU,01-02-2026,2098584.96,1459441.76,87,90.5,7,72.1,9.3
ICU,01-02-2026,639069.14,613188.49,87,90.5,7,72.1,9.3
ICU,01-02-2026,639069.14,539390.3,87,90.5,7,72.1,9.3
ICU,01-02-2026,639069.14,300093.96,87,90.5,7,72.1,9.3
ICU,01-02-2026,639069.14,232441.49,87,90.5,7,72.1,9.3
ICU,01-03-2026,2181247.72,1458556.87,93,93.8,7.2,76.6,9.5
ICU,01-03-2026,649873.14,605385.26,93,93.8,7.2,76.6,9.5
ICU,01-03-2026,649873.14,533647.26,93,93.8,7.2,76.6,9.5
ICU,01-03-2026,649873.14,285615.53,93,93.8,7.2,76.6,9.5
ICU,01-03-2026,649873.14,205796.45,93,93.8,7.2,76.6,9.5
ICU,01-04-2026,2062808.82,1431604.68,79,90.7,6.9,74.4,9.4
ICU,01-04-2026,676352.53,615668.57,79,90.7,6.9,74.4,9.4
ICU,01-04-2026,676352.53,587391.79,79,90.7,6.9,74.4,9.4
ICU,01-04-2026,676352.53,302404.81,79,90.7,6.9,74.4,9.4
ICU,01-04-2026,676352.53,220582.04,79,90.7,6.9,74.4,9.4
ICU,01-05-2026,1960150.24,1446945.48,82,93.7,6.8,74.3,9.5
ICU,01-05-2026,637649.25,597527.47,82,93.7,6.8,74.3,9.5
ICU,01-05-2026,637649.25,573496.12,82,93.7,6.8,74.3,9.5
ICU,01-05-2026,637649.25,318680.37,82,93.7,6.8,74.3,9.5
ICU,01-05-2026,637649.25,206827.87,82,93.7,6.8,74.3,9.5
ICU,01-06-2026,2090780.54,1416686.92,93,87.4,7.6,72.2,9.4
ICU,01-06-2026,698839.42,667215.07,93,87.4,7.6,72.2,9.4
ICU,01-06-2026,698839.42,570043.7,93,87.4,7.6,72.2,9.4
ICU,01-06-2026,698839.42,327751.54,93,87.4,7.6,72.2,9.4
ICU,01-06-2026,698839.42,222056.06,93,87.4,7.6,72.2,9.4
ICU,01-07-2026,2013035.33,1536395.76,80,94.7,6.8,72.1,7.8
ICU,01-07-2026,654216.22,639318.81,80,94.7,6.8,72.1,7.8
ICU,01-07-2026,654216.22,560075.66,80,94.7,6.8,72.1,7.8
ICU,01-07-2026,654216.22,338459.88,80,94.7,6.8,72.1,7.8
ICU,01-07-2026,654216.22,222233.77,80,94.7,6.8,72.1,7.8
ICU,01-08-2026,2405991.26,1388478.26,79,89.6,6.7,72.1,9.1
ICU,01-08-2026,698248.09,631304.14,79,89.6,6.7,72.1,9.1
ICU,01-08-2026,698248.09,616034.02,79,89.6,6.7,72.1,9.1
ICU,01-08-2026,698248.09,320403.29,79,89.6,6.7,72.1,9.1
ICU,01-08-2026,698248.09,235493.73,79,89.6,6.7,72.1,9.1
ICU,01-09-2026,2372322.7,1405653.29,94,89.9,6.7,71.6,9.3
ICU,01-09-2026,661411.22,615142.62,94,89.9,6.7,71.6,9.3
ICU,01-09-2026,661411.22,523368.25,94,89.9,6.7,71.6,9.3
ICU,01-09-2026,661411.22,309983.72,94,89.9,6.7,71.6,9.3
ICU,01-09-2026,661411.22,210313.35,94,89.9,6.7,71.6,9.3
Neurology,01-10-2025,1087873.74,568067.62,177,73.3,5.3,79.7,6.2
Neurology,01-10-2025,363421.26,280107.95,177,73.3,5.3,79.7,6.2
Neurology,01-10-2025,363421.26,227645.1,177,73.3,5.3,79.7,6.2
Neurology,01-10-2025,363421.26,133815.77,177,73.3,5.3,79.7,6.2
Neurology,01-10-2025,363421.26,94038.11,177,73.3,5.3,79.7,6.2
Neurology,01-11-2025,1274186.99,594017.91,194,69.7,5.2,79.1,5.6
Neurology,01-11-2025,359591.74,250601.99,194,69.7,5.2,79.1,5.6
Neurology,01-11-2025,359591.74,244933.32,194,69.7,5.2,79.1,5.6
Neurology,01-11-2025,359591.74,126025.47,194,69.7,5.2,79.1,5.6
Neurology,01-11-2025,359591.74,90532.03,194,69.7,5.2,79.1,5.6
Neurology,01-12-2025,1269935.77,564310.41,186,67.3,4.9,78.2,5.6
Neurology,01-12-2025,371325.32,240731.63,186,67.3,4.9,78.2,5.6
Neurology,01-12-2025,371325.32,231012.05,186,67.3,4.9,78.2,5.6
Neurology,01-12-2025,371325.32,139506.61,186,67.3,4.9,78.2,5.6
Neurology,01-12-2025,371325.32,97620.5,186,67.3,4.9,78.2,5.6
Neurology,01-01-2026,1246678.7,558395.57,188,68,4.7,79.5,6
Neurology,01-01-2026,351925.55,273576.93,188,68,4.7,79.5,6
Neurology,01-01-2026,351925.55,246160.05,188,68,4.7,79.5,6
Neurology,01-01-2026,351925.55,126240.07,188,68,4.7,79.5,6
Neurology,01-01-2026,351925.55,85309.87,188,68,4.7,79.5,6
Neurology,01-02-2026,1369069.64,617342.97,184,67.5,5.5,76.5,5.6
Neurology,01-02-2026,382541.12,276198.96,184,67.5,5.5,76.5,5.6
Neurology,01-02-2026,382541.12,223497.75,184,67.5,5.5,76.5,5.6
Neurology,01-02-2026,382541.12,141617.27,184,67.5,5.5,76.5,5.6
Neurology,01-02-2026,382541.12,91316.9,184,67.5,5.5,76.5,5.6
Neurology,01-03-2026,1132973.52,584505.58,204,67.4,5.1,77.9,6.5
Neurology,01-03-2026,378868.41,258576.99,204,67.4,5.1,77.9,6.5
Neurology,01-03-2026,378868.41,250447.8,204,67.4,5.1,77.9,6.5
Neurology,01-03-2026,378868.41,132937.61,204,67.4,5.1,77.9,6.5
Neurology,01-03-2026,378868.41,98193.78,204,67.4,5.1,77.9,6.5
Neurology,01-04-2026,1185452.25,601117.18,178,71.7,4.8,77.7,6.3
Neurology,01-04-2026,383555.96,261065.78,178,71.7,4.8,77.7,6.3
Neurology,01-04-2026,383555.96,250657.14,178,71.7,4.8,77.7,6.3
Neurology,01-04-2026,383555.96,138014.6,178,71.7,4.8,77.7,6.3
Neurology,01-04-2026,383555.96,85569.57,178,71.7,4.8,77.7,6.3
Neurology,01-05-2026,1287809.07,547702.57,186,73.2,4.7,77,6.1
Neurology,01-05-2026,375125.84,270228.6,186,73.2,4.7,77,6.1
Neurology,01-05-2026,375125.84,228920.64,186,73.2,4.7,77,6.1
Neurology,01-05-2026,375125.84,137316.83,186,73.2,4.7,77,6.1
Neurology,01-05-2026,375125.84,93314.93,186,73.2,4.7,77,6.1
Neurology,01-06-2026,1325927.58,545179.48,200,67.2,5.3,79.3,5.9
Neurology,01-06-2026,377908.22,276771.27,200,67.2,5.3,79.3,5.9
Neurology,01-06-2026,377908.22,235679.52,200,67.2,5.3,79.3,5.9
Neurology,01-06-2026,377908.22,136943.67,200,67.2,5.3,79.3,5.9
Neurology,01-06-2026,377908.22,92190.63,200,67.2,5.3,79.3,5.9
Neurology,01-07-2026,1301568.67,575410.14,189,67.8,4.8,75.6,6
Neurology,01-07-2026,369836.06,276332.09,189,67.8,4.8,75.6,6
Neurology,01-07-2026,369836.06,251152.4,189,67.8,4.8,75.6,6
Neurology,01-07-2026,369836.06,140335.85,189,67.8,4.8,75.6,6
Neurology,01-07-2026,369836.06,88057.65,189,67.8,4.8,75.6,6
Neurology,01-08-2026,1320688.05,622061.03,197,70.7,4.7,78.3,5.3
Neurology,01-08-2026,376340.43,260648.24,197,70.7,4.7,78.3,5.3
Neurology,01-08-2026,376340.43,242748.53,197,70.7,4.7,78.3,5.3
Neurology,01-08-2026,376340.43,124993.27,197,70.7,4.7,78.3,5.3
Neurology,01-08-2026,376340.43,98984.3,197,70.7,4.7,78.3,5.3
Neurology,01-09-2026,1413096.06,673434.21,191,67,5.3,75.4,6.2
Neurology,01-09-2026,402883.48,263447.24,191,67,5.3,75.4,6.2
Neurology,01-09-2026,402883.48,266326.87,191,67,5.3,75.4,6.2
Neurology,01-09-2026,402883.48,138735.43,191,67,5.3,75.4,6.2
Neurology,01-09-2026,402883.48,106673.19,191,67,5.3,75.4,6.2
Orthopedics,01-10-2025,1205384.88,718381.19,185,60.5,5.6,82.8,3.9
Orthopedics,01-10-2025,401906.93,305043.27,185,60.5,5.6,82.8,3.9
Orthopedics,01-10-2025,401906.93,277825.38,185,60.5,5.6,82.8,3.9
Orthopedics,01-10-2025,401906.93,147371.03,185,60.5,5.6,82.8,3.9
Orthopedics,01-10-2025,401906.93,113576.38,185,60.5,5.6,82.8,3.9
Orthopedics,01-11-2025,1413515.99,666237.56,205,59.6,5.7,78,3.6
Orthopedics,01-11-2025,415104.71,280185.42,205,59.6,5.7,78,3.6
Orthopedics,01-11-2025,415104.71,256851.83,205,59.6,5.7,78,3.6
Orthopedics,01-11-2025,415104.71,158783.78,205,59.6,5.7,78,3.6
Orthopedics,01-11-2025,415104.71,105459.16,205,59.6,5.7,78,3.6
Orthopedics,01-12-2025,1268774.05,640049.84,211,59.8,6.1,79.4,3.8
Orthopedics,01-12-2025,414067.68,294984.79,211,59.8,6.1,79.4,3.8
Orthopedics,01-12-2025,414067.68,276397.93,211,59.8,6.1,79.4,3.8
Orthopedics,01-12-2025,414067.68,144876.65,211,59.8,6.1,79.4,3.8
Orthopedics,01-12-2025,414067.68,101245.81,211,59.8,6.1,79.4,3.8
Orthopedics,01-01-2026,1399516.81,660359.58,213,61.5,5.9,83.4,3.5
Orthopedics,01-01-2026,397177.2,324452.51,213,61.5,5.9,83.4,3.5
Orthopedics,01-01-2026,397177.2,257159.81,213,61.5,5.9,83.4,3.5
Orthopedics,01-01-2026,397177.2,146969.01,213,61.5,5.9,83.4,3.5
Orthopedics,01-01-2026,397177.2,110282.74,213,61.5,5.9,83.4,3.5
Orthopedics,01-02-2026,1324158.39,712077.03,215,59.4,5.9,82.6,3.5
Orthopedics,01-02-2026,401509.04,294568.62,215,59.4,5.9,82.6,3.5
Orthopedics,01-02-2026,401509.04,278402.06,215,59.4,5.9,82.6,3.5
Orthopedics,01-02-2026,401509.04,155209.3,215,59.4,5.9,82.6,3.5
Orthopedics,01-02-2026,401509.04,98422.43,215,59.4,5.9,82.6,3.5
Orthopedics,01-03-2026,1275196.5,676436.67,213,60.4,6.2,81,3.7
Orthopedics,01-03-2026,395073.91,315515.51,213,60.4,6.2,81,3.7
Orthopedics,01-03-2026,395073.91,281522.25,213,60.4,6.2,81,3.7
Orthopedics,01-03-2026,395073.91,163968.87,213,60.4,6.2,81,3.7
Orthopedics,01-03-2026,395073.91,99681.39,213,60.4,6.2,81,3.7
Orthopedics,01-04-2026,1250704.1,721968.04,204,61,5.9,78.3,3.8
Orthopedics,01-04-2026,406027.54,288287.52,204,61,5.9,78.3,3.8
Orthopedics,01-04-2026,406027.54,270745.46,204,61,5.9,78.3,3.8
Orthopedics,01-04-2026,406027.54,149765.48,204,61,5.9,78.3,3.8
Orthopedics,01-04-2026,406027.54,102401.11,204,61,5.9,78.3,3.8
Orthopedics,01-05-2026,1391145.16,711102.57,214,60.6,6.2,78.3,4.1
Orthopedics,01-05-2026,398162.77,321515.9,214,60.6,6.2,78.3,4.1
Orthopedics,01-05-2026,398162.77,266412.16,214,60.6,6.2,78.3,4.1
Orthopedics,01-05-2026,398162.77,172213.46,214,60.6,6.2,78.3,4.1
Orthopedics,01-05-2026,398162.77,117633.51,214,60.6,6.2,78.3,4.1
Orthopedics,01-06-2026,1288012.16,760883.26,214,60.9,5.4,82.2,3.6
Orthopedics,01-06-2026,425822.93,319564.49,214,60.9,5.4,82.2,3.6
Orthopedics,01-06-2026,425822.93,275067.42,214,60.9,5.4,82.2,3.6
Orthopedics,01-06-2026,425822.93,157614.43,214,60.9,5.4,82.2,3.6
Orthopedics,01-06-2026,425822.93,104188.45,214,60.9,5.4,82.2,3.6
Orthopedics,01-07-2026,1377444.68,699551.57,200,59.4,6.2,84.2,3.4
Orthopedics,01-07-2026,400216.64,320722.4,200,59.4,6.2,84.2,3.4
Orthopedics,01-07-2026,400216.64,287161.52,200,59.4,6.2,84.2,3.4
Orthopedics,01-07-2026,400216.64,173342.8,200,59.4,6.2,84.2,3.4
Orthopedics,01-07-2026,400216.64,122029.3,200,59.4,6.2,84.2,3.4
Orthopedics,01-08-2026,1263007.86,675287.31,219,60.8,5.8,81.9,4.2
Orthopedics,01-08-2026,405749.44,341497.06,219,60.8,5.8,81.9,4.2
Orthopedics,01-08-2026,405749.44,289528.35,219,60.8,5.8,81.9,4.2
Orthopedics,01-08-2026,405749.44,159909.15,219,60.8,5.8,81.9,4.2
Orthopedics,01-08-2026,405749.44,115597.18,219,60.8,5.8,81.9,4.2
Orthopedics,01-09-2026,1339733.09,710374.66,234,61.3,5.5,78.7,4.1
Orthopedics,01-09-2026,384088.33,298281.07,234,61.3,5.5,78.7,4.1
Orthopedics,01-09-2026,384088.33,304959.62,234,61.3,5.5,78.7,4.1
Orthopedics,01-09-2026,384088.33,147188.46,234,61.3,5.5,78.7,4.1
Orthopedics,01-09-2026,384088.33,104900.13,234,61.3,5.5,78.7,4.1
Pediatrics,01-10-2025,1011301.82,455279.19,255,55.1,3.1,88.2,3.3
Pediatrics,01-10-2025,293997.42,202397.23,255,55.1,3.1,88.2,3.3
Pediatrics,01-10-2025,293997.42,185073.46,255,55.1,3.1,88.2,3.3
Pediatrics,01-10-2025,293997.42,105907.12,255,55.1,3.1,88.2,3.3
Pediatrics,01-10-2025,293997.42,65833.03,255,55.1,3.1,88.2,3.3
Pediatrics,01-11-2025,899536.73,412144.73,267,55.1,3.3,86.9,3.1
Pediatrics,01-11-2025,267370.35,196821.07,267,55.1,3.3,86.9,3.1
Pediatrics,01-11-2025,267370.35,167431.77,267,55.1,3.3,86.9,3.1
Pediatrics,01-11-2025,267370.35,100522.39,267,55.1,3.3,86.9,3.1
Pediatrics,01-11-2025,267370.35,71101.39,267,55.1,3.3,86.9,3.1
Pediatrics,01-12-2025,814199.09,473754.06,276,59.9,3.4,87.8,3.2
Pediatrics,01-12-2025,272324.72,212870.2,276,59.9,3.4,87.8,3.2
Pediatrics,01-12-2025,272324.72,195824.11,276,59.9,3.4,87.8,3.2
Pediatrics,01-12-2025,272324.72,94912.27,276,59.9,3.4,87.8,3.2
Pediatrics,01-12-2025,272324.72,65503.84,276,59.9,3.4,87.8,3.2
Pediatrics,01-01-2026,881610.21,492785.91,268,60.4,3.4,87.8,3.2
Pediatrics,01-01-2026,277214.84,211077.06,268,60.4,3.4,87.8,3.2
Pediatrics,01-01-2026,277214.84,171192.31,268,60.4,3.4,87.8,3.2
Pediatrics,01-01-2026,277214.84,105140.21,268,60.4,3.4,87.8,3.2
Pediatrics,01-01-2026,277214.84,72873.98,268,60.4,3.4,87.8,3.2
Pediatrics,01-02-2026,902747.52,489476.52,273,55.8,3,87.6,2.9
Pediatrics,01-02-2026,272094.02,193509.49,273,55.8,3,87.6,2.9
Pediatrics,01-02-2026,272094.02,199752.26,273,55.8,3,87.6,2.9
Pediatrics,01-02-2026,272094.02,107657.56,273,55.8,3,87.6,2.9
Pediatrics,01-02-2026,272094.02,70337.17,273,55.8,3,87.6,2.9
Pediatrics,01-03-2026,886874.23,450240.8,308,60.4,3,87.6,3.5
Pediatrics,01-03-2026,282189.6,211098.1,308,60.4,3,87.6,3.5
Pediatrics,01-03-2026,282189.6,189203.97,308,60.4,3,87.6,3.5
Pediatrics,01-03-2026,282189.6,93649.44,308,60.4,3,87.6,3.5
Pediatrics,01-03-2026,282189.6,75129.39,308,60.4,3,87.6,3.5
Pediatrics,01-04-2026,926482.98,482906.73,260,57.4,3.1,89.6,3.1
Pediatrics,01-04-2026,288943.18,215505.56,260,57.4,3.1,89.6,3.1
Pediatrics,01-04-2026,288943.18,200885.39,260,57.4,3.1,89.6,3.1
Pediatrics,01-04-2026,288943.18,100046.44,260,57.4,3.1,89.6,3.1
Pediatrics,01-04-2026,288943.18,76292.5,260,57.4,3.1,89.6,3.1
Pediatrics,01-05-2026,977589.6,451037.71,295,55.8,3.2,88.8,3.4
Pediatrics,01-05-2026,287024.68,195043.29,295,55.8,3.2,88.8,3.4
Pediatrics,01-05-2026,287024.68,192552.63,295,55.8,3.2,88.8,3.4
Pediatrics,01-05-2026,287024.68,106633.69,295,55.8,3.2,88.8,3.4
Pediatrics,01-05-2026,287024.68,66203.8,295,55.8,3.2,88.8,3.4
Pediatrics,01-06-2026,989814.97,445352.09,279,59.8,3.1,90.6,3.4
Pediatrics,01-06-2026,297735.82,195204.16,279,59.8,3.1,90.6,3.4
Pediatrics,01-06-2026,297735.82,165642.92,279,59.8,3.1,90.6,3.4
Pediatrics,01-06-2026,297735.82,105117.94,279,59.8,3.1,90.6,3.4
Pediatrics,01-06-2026,297735.82,66123.78,279,59.8,3.1,90.6,3.4
Pediatrics,01-07-2026,979672.81,457098.56,276,58.9,3,91.4,2.9
Pediatrics,01-07-2026,279370.45,215191.59,276,58.9,3,91.4,2.9
Pediatrics,01-07-2026,279370.45,180915.95,276,58.9,3,91.4,2.9
Pediatrics,01-07-2026,279370.45,96070.44,276,58.9,3,91.4,2.9
Pediatrics,01-07-2026,279370.45,78199.35,276,58.9,3,91.4,2.9
Pediatrics,01-08-2026,947009.05,466310.25,282,57.7,3.4,86.2,3.3
Pediatrics,01-08-2026,276558.65,213960.6,282,57.7,3.4,86.2,3.3
Pediatrics,01-08-2026,276558.65,191227.88,282,57.7,3.4,86.2,3.3
Pediatrics,01-08-2026,276558.65,103661.76,282,57.7,3.4,86.2,3.3
Pediatrics,01-08-2026,276558.65,76075.94,282,57.7,3.4,86.2,3.3
Pediatrics,01-09-2026,865898.24,463555.49,276,58.7,3,88.4,3.1
Pediatrics,01-09-2026,277603.64,202499.18,276,58.7,3,88.4,3.1
Pediatrics,01-09-2026,277603.64,179132.06,276,58.7,3,88.4,3.1
Pediatrics,01-09-2026,277603.64,100439.89,276,58.7,3,88.4,3.1
Pediatrics,01-09-2026,277603.64,69127.89,276,58.7,3,88.4,3.1
