id,type,severity,title,description,metric,current_value,target_value,reason,suggested_action,department_id,status,created_at
1,utilization,warning,ICU equipment utilization below target,Advanced Ventilator Fleet utilization has dropped to 68% against a target of 80%.,equipment_utilization,68.0,80.0,Seasonal decrease in critical care admissions combined with equipment downtime for maintenance.,Review maintenance scheduling to minimize downtime during peak admission periods.,8,acknowledged,2026-09-02 14:58:57
2,cost,critical,Emergency operational cost increased 14%,Emergency department operational costs have risen by 14% over the last quarter while revenue grew only 3%.,operating_cost,14.0,5.0,"Increased overtime staffing costs, higher supply consumption, and rising trauma case complexity.",Conduct a detailed cost audit focusing on staffing patterns and supply chain efficiency.,7,acknowledged,2026-09-02 14:58:57
3,capacity,warning,Emergency waiting time increased 18%,Average emergency waiting time has increased from 32 to 38 minutes over the past 3 months.,waiting_time,38.0,25.0,Patient volume increase of 12% without proportional staffing adjustment.,Review triage protocols and consider adding evening shift staff during peak hours.,7,active,2026-09-02 14:58:57
4,roi,warning,Orthopedics ROI declining for 3 consecutive periods,Department ROI has declined from 42% to 34% over the last quarter.,roi,34.0,40.0,Patient volume decreased while fixed costs (especially robotic surgery system) remain constant.,Investigate patient referral patterns and marketing for orthopedic services. Review robotic surgery system utilization.,2,active,2026-09-02 14:58:57
5,capacity,critical,Bed occupancy expected to exceed capacity next month,ICU bed occupancy predicted to reach 96% next month based on current admission trends.,bed_occupancy,91.0,85.0,Consistent upward trend in critical care admissions with limited bed expansion capacity.,Coordinate with General Medicine to review step-down protocols and discharge planning to free ICU beds.,8,active,2026-09-02 14:58:57
6,quality,warning,Emergency readmission rate above threshold,Emergency readmission rate at 6.8% exceeds the target of 5%.,readmission_rate,6.8,5.0,Short observation periods and insufficient follow-up after emergency treatment.,Implement 48-hour follow-up calls and review discharge protocols for high-risk patients.,7,active,2026-09-02 14:58:57
7,utilization,info,Cardiology equipment performing above expectations,"Cardiac Catheterization Lab utilization at 78%, generating strong ROI.",equipment_utilization,78.0,70.0,Increased cardiac procedure referrals and efficient scheduling.,Consider extending operating hours to capture additional patient demand.,1,active,2026-09-02 14:58:57
8,cost,warning,Cardiology operational expenditure rising,Cardiology costs have increased 8% while revenue increased only 5%.,operating_cost,8.0,5.0,New equipment maintenance contracts and specialist hiring costs.,Review vendor contracts for maintenance services and optimize staff scheduling.,1,active,2026-09-02 14:58:57
9,utilization,critical,Orthopedics robotic surgery system underutilized,Robotic Surgery System utilization at 48% — significantly below the 70% target.,equipment_utilization,48.0,70.0,Low surgical case volume and limited surgeon training on the new system.,Accelerate surgeon training programs and explore partnerships with referring physicians to increase case referrals.,2,active,2026-09-02 14:58:57
