id,department_id,date,readmission_rate,complication_rate,mortality_indicator,patient_satisfaction,treatment_outcome_score
1,1,2025-10-01,3.8,2.0,0.91,87.3,84.8
2,1,2025-11-01,4.4,2.1,0.64,83.1,85.9
3,1,2025-12-01,4.5,2.1,0.87,86.2,84.6
4,1,2026-01-01,4.0,2.0,0.66,85.4,90.6
5,1,2026-02-01,4.2,1.9,0.93,86.7,83.7
6,1,2026-03-01,4.2,1.9,0.69,85.5,89.0
7,1,2026-04-01,3.9,2.0,0.85,83.1,92.2
8,1,2026-05-01,3.8,2.1,0.8,89.4,88.5
9,1,2026-06-01,4.1,2.1,0.84,89.3,85.8
10,1,2026-07-01,3.7,2.3,0.75,87.6,89.1
11,1,2026-08-01,4.5,2.2,0.75,82.9,88.4
12,1,2026-09-01,4.5,1.9,0.89,85.8,89.7
13,2,2025-10-01,3.9,3.1,0.25,82.8,84.6
14,2,2025-11-01,3.6,2.4,0.26,78.0,88.7
15,2,2025-12-01,3.8,3.2,0.31,79.4,87.2
16,2,2026-01-01,3.5,2.7,0.33,83.4,83.6
17,2,2026-02-01,3.5,2.7,0.35,82.6,88.4
18,2,2026-03-01,3.7,3.2,0.3,81.0,88.6
19,2,2026-04-01,3.8,3.1,0.33,78.3,85.9
20,2,2026-05-01,4.1,2.8,0.28,78.3,86.4
21,2,2026-06-01,3.6,2.9,0.29,82.2,83.7
22,2,2026-07-01,3.4,3.1,0.28,84.2,83.1
23,2,2026-08-01,4.2,3.2,0.25,81.9,83.8
24,2,2026-09-01,4.1,3.0,0.35,78.7,85.9
25,3,2025-10-01,6.2,2.5,0.99,79.7,78.9
26,3,2025-11-01,5.6,3.0,1.25,79.1,83.6
27,3,2025-12-01,5.6,3.1,1.24,78.2,79.2
28,3,2026-01-01,6.0,2.7,1.01,79.5,80.0
29,3,2026-02-01,5.6,3.0,1.09,76.5,79.6
30,3,2026-03-01,6.5,2.7,1.4,77.9,77.0
31,3,2026-04-01,6.3,2.9,1.39,77.7,76.7
32,3,2026-05-01,6.1,3.2,1.11,77.0,76.5
33,3,2026-06-01,5.9,3.2,1.37,79.3,83.4
34,3,2026-07-01,6.0,3.2,1.2,75.6,77.6
35,3,2026-08-01,5.3,3.2,0.97,78.3,79.0
36,3,2026-09-01,6.2,2.9,1.25,75.4,78.5
37,4,2025-10-01,5.7,2.6,0.91,80.7,85.7
38,4,2025-11-01,4.6,2.7,0.95,78.7,84.5
39,4,2025-12-01,4.9,2.7,1.0,79.9,80.4
40,4,2026-01-01,5.7,2.4,1.05,76.2,79.9
41,4,2026-02-01,4.7,2.2,0.84,80.3,81.7
42,4,2026-03-01,5.6,2.7,1.02,77.4,84.1
43,4,2026-04-01,5.2,2.1,0.83,79.2,83.0
44,4,2026-05-01,4.7,2.7,0.78,80.0,84.8
45,4,2026-06-01,5.2,2.6,0.92,81.1,79.1
46,4,2026-07-01,4.5,2.5,0.93,80.0,85.2
47,4,2026-08-01,5.0,2.5,0.9,79.8,81.3
48,4,2026-09-01,5.7,2.4,1.01,80.2,81.3
49,5,2025-10-01,4.0,2.7,0.59,79.9,81.5
50,5,2025-11-01,4.6,2.9,0.65,81.5,87.0
51,5,2025-12-01,5.0,2.8,0.57,80.4,82.5
52,5,2026-01-01,4.5,2.9,0.54,77.4,82.2
53,5,2026-02-01,4.4,3.2,0.54,82.3,81.1
54,5,2026-03-01,4.3,3.2,0.56,81.7,84.0
55,5,2026-04-01,4.5,3.1,0.55,76.9,87.7
56,5,2026-05-01,4.5,3.5,0.53,79.1,80.2
57,5,2026-06-01,4.5,3.5,0.64,79.8,84.3
58,5,2026-07-01,4.9,3.0,0.69,81.5,86.2
59,5,2026-08-01,4.4,3.0,0.62,78.0,84.4
60,5,2026-09-01,4.0,3.1,0.66,78.6,88.1
61,6,2025-10-01,3.3,1.3,0.24,88.2,93.7
62,6,2025-11-01,3.1,1.7,0.22,86.9,91.1
63,6,2025-12-01,3.2,1.3,0.17,87.8,90.8
64,6,2026-01-01,3.2,1.5,0.2,87.8,92.0
65,6,2026-02-01,2.9,1.7,0.22,87.6,89.5
66,6,2026-03-01,3.5,1.5,0.22,87.6,93.9
67,6,2026-04-01,3.1,1.6,0.24,89.6,93.7
68,6,2026-05-01,3.4,1.6,0.16,88.8,95.3
69,6,2026-06-01,3.4,1.6,0.21,90.6,91.8
70,6,2026-07-01,2.9,1.6,0.21,91.4,87.8
71,6,2026-08-01,3.3,1.3,0.24,86.2,86.6
72,6,2026-09-01,3.1,1.3,0.22,88.4,93.5
73,7,2025-10-01,7.5,3.9,2.08,69.5,76.1
74,7,2025-11-01,6.3,3.3,2.02,72.1,77.5
75,7,2025-12-01,6.3,3.9,1.78,71.2,81.1
76,7,2026-01-01,7.2,3.7,2.05,72.6,76.6
77,7,2026-02-01,6.4,3.6,1.69,74.7,77.4
78,7,2026-03-01,6.5,3.2,2.06,70.9,77.8
79,7,2026-04-01,7.5,3.8,1.73,69.8,80.4
80,7,2026-05-01,6.6,4.0,2.14,74.6,81.4
81,7,2026-06-01,6.5,3.3,2.06,71.1,78.5
82,7,2026-07-01,6.4,3.5,1.67,72.2,82.4
83,7,2026-08-01,7.1,3.1,1.99,72.5,77.0
84,7,2026-09-01,7.1,3.5,2.0,69.4,78.3
85,8,2025-10-01,8.9,4.6,4.54,71.1,72.4
86,8,2025-11-01,9.4,5.1,4.81,76.2,71.8
87,8,2025-12-01,7.9,5.9,3.81,74.9,74.9
88,8,2026-01-01,7.7,5.3,4.16,75.3,75.1
89,8,2026-02-01,9.3,4.7,4.73,72.1,75.0
90,8,2026-03-01,9.5,5.0,4.09,76.6,75.3
91,8,2026-04-01,9.4,5.8,3.3,74.4,69.2
92,8,2026-05-01,9.5,4.9,4.9,74.3,72.0
93,8,2026-06-01,9.4,5.7,4.05,72.2,69.2
94,8,2026-07-01,7.8,5.1,3.7,72.1,73.7
95,8,2026-08-01,9.1,5.3,4.52,72.1,74.6
96,8,2026-09-01,9.3,5.7,4.13,71.6,73.2
